canonical_osm_id,name,facility_type,raw_amenity_tag,raw_healthcare_tag,geometry_type,latitude,longitude,corridor_distance_km,corridor_relevance,source,provenance
node/7127949291,Baurari District Hospital,hospital,hospital,,Point,30.38033,78.43709,4.62,NEAR_CORRIDOR,OpenStreetMap contributors (ODbL),OPENSTREETMAP FEATURE (Unverified Operational Status)
node/7127949320,"Government Hospital, Chamba",hospital,hospital,,Point,30.35173,78.39315,9.63,NEAR_CORRIDOR,OpenStreetMap contributors (ODbL),OPENSTREETMAP FEATURE (Unverified Operational Status)
node/7127949332,"Government Hospital, Nakot",hospital,hospital,,Point,30.31666,78.46742,3.49,NEAR_CORRIDOR,OpenStreetMap contributors (ODbL),OPENSTREETMAP FEATURE (Unverified Operational Status)
node/7486360402,Masiha Hospital,hospital,hospital,,Point,30.35126,78.38961,10.0,NEAR_CORRIDOR,OpenStreetMap contributors (ODbL),OPENSTREETMAP FEATURE (Unverified Operational Status)
node/7486360440,Hatwal Eye Clinic,clinic,clinic,,Point,30.37976,78.43811,4.51,NEAR_CORRIDOR,OpenStreetMap contributors (ODbL),OPENSTREETMAP FEATURE (Unverified Operational Status)
node/7486360458,A B Physiotherpy Centre,clinic,clinic,,Point,30.3824,78.4396,4.37,NEAR_CORRIDOR,OpenStreetMap contributors (ODbL),OPENSTREETMAP FEATURE (Unverified Operational Status)
node/7486360460,Max Hospital,hospital,hospital,,Point,30.38282,78.44215,4.11,NEAR_CORRIDOR,OpenStreetMap contributors (ODbL),OPENSTREETMAP FEATURE (Unverified Operational Status)
node/7486360476,Amba Clinic,clinic,clinic,,Point,30.34531,78.39247,9.91,NEAR_CORRIDOR,OpenStreetMap contributors (ODbL),OPENSTREETMAP FEATURE (Unverified Operational Status)
node/8268833450,"Government Hospital, Madannegi",hospital,hospital,,Point,30.40263,78.49276,2.87,IN_CORRIDOR,OpenStreetMap contributors (ODbL),OPENSTREETMAP FEATURE (Unverified Operational Status)
node/8269148141,"Government Hospital, Bhagirathi Puram",hospital,hospital,,Point,30.37923,78.47087,1.07,IN_CORRIDOR,OpenStreetMap contributors (ODbL),OPENSTREETMAP FEATURE (Unverified Operational Status)
node/3663758312,Dr. Usha's Nirvana Clinic,clinic,clinic,clinic,Point,30.12816,78.32177,3.15,NEAR_CORRIDOR,OpenStreetMap contributors (ODbL),OPENSTREETMAP FEATURE (Unverified Operational Status)
node/3663758313,Dr. Arora's Clinic,clinic,clinic,clinic,Point,30.12821,78.32242,3.15,NEAR_CORRIDOR,OpenStreetMap contributors (ODbL),OPENSTREETMAP FEATURE (Unverified Operational Status)
node/4383828294,Unnamed Medical Facility,clinic,clinic,clinic,Point,30.12396,78.32992,2.55,IN_CORRIDOR,OpenStreetMap contributors (ODbL),OPENSTREETMAP FEATURE (Unverified Operational Status)
node/8238940546,"Government Hospital, Sabdarkhal",hospital,hospital,,Point,30.13143,78.63867,4.54,NEAR_CORRIDOR,OpenStreetMap contributors (ODbL),OPENSTREETMAP FEATURE (Unverified Operational Status)
node/11438148469,Rautela,pharmacy,pharmacy,,Point,30.12304,78.3277,2.5,IN_CORRIDOR,OpenStreetMap contributors (ODbL),OPENSTREETMAP FEATURE (Unverified Operational Status)
node/13148900084,Nawan medicosi,pharmacy,pharmacy,pharmacy,Point,30.13216,78.32023,3.6,NEAR_CORRIDOR,OpenStreetMap contributors (ODbL),OPENSTREETMAP FEATURE (Unverified Operational Status)
node/13152055855,Ayushwaan Multi Speciality Hospital,hospital,hospital,hospital,Point,30.12788,78.32048,3.15,NEAR_CORRIDOR,OpenStreetMap contributors (ODbL),OPENSTREETMAP FEATURE (Unverified Operational Status)
way/276374940,Laxman Jhula Governement Hospital,hospital,hospital,hospital,Polygon,30.12882,78.3315,3.01,NEAR_CORRIDOR,OpenStreetMap contributors (ODbL),OPENSTREETMAP FEATURE (Unverified Operational Status)
node/3815685509,Unnamed Medical Facility,pharmacy,pharmacy,pharmacy,Point,30.11731,78.31292,2.23,IN_CORRIDOR,OpenStreetMap contributors (ODbL),OPENSTREETMAP FEATURE (Unverified Operational Status)
node/4037486796,Ramkrishan Mission Hospital,hospital,hospital,,Point,29.93298,78.14811,1.84,IN_CORRIDOR,OpenStreetMap contributors (ODbL),OPENSTREETMAP FEATURE (Unverified Operational Status)
node/4037497456,Matrichaya Hospital,hospital,hospital,,Point,29.93165,78.13659,3.05,NEAR_CORRIDOR,OpenStreetMap contributors (ODbL),OPENSTREETMAP FEATURE (Unverified Operational Status)
node/4037544755,City Hospital,hospital,hospital,,Point,29.93375,78.13363,3.33,NEAR_CORRIDOR,OpenStreetMap contributors (ODbL),OPENSTREETMAP FEATURE (Unverified Operational Status)
node/4037544756,City Hospital,hospital,hospital,,Point,29.93344,78.13375,3.32,NEAR_CORRIDOR,OpenStreetMap contributors (ODbL),OPENSTREETMAP FEATURE (Unverified Operational Status)
node/4129769756,Unnamed Medical Facility,hospital,hospital,hospital,Point,30.1069,78.2899,1.66,IN_CORRIDOR,OpenStreetMap contributors (ODbL),OPENSTREETMAP FEATURE (Unverified Operational Status)
node/6895578193,AIIMS's Blood Bank Rishikesh,hospital,hospital,hospital,Point,30.08088,78.28613,0.94,IN_CORRIDOR,OpenStreetMap contributors (ODbL),OPENSTREETMAP FEATURE (Unverified Operational Status)
node/6897688071,"AIIMS Blood Bank, Rishikesh",hospital,hospital,hospital,Point,30.08088,78.28648,0.95,IN_CORRIDOR,OpenStreetMap contributors (ODbL),OPENSTREETMAP FEATURE (Unverified Operational Status)
node/6950595604,"Ramakrishna Mission Sevashrama, Haridwar",hospital,hospital,,Point,29.93259,78.14753,1.9,IN_CORRIDOR,OpenStreetMap contributors (ODbL),OPENSTREETMAP FEATURE (Unverified Operational Status)
node/6950865497,Ananya Maternity and Medical Center,hospital,hospital,,Point,29.92344,78.11775,5.14,NEAR_CORRIDOR,OpenStreetMap contributors (ODbL),OPENSTREETMAP FEATURE (Unverified Operational Status)
node/6951822145,Chandan Memorial Clinic and Lokpriya Hospital,clinic,clinic,,Point,29.92706,78.10794,6.1,NEAR_CORRIDOR,OpenStreetMap contributors (ODbL),OPENSTREETMAP FEATURE (Unverified Operational Status)
node/6951884828,Devbhoomi Hospital,hospital,hospital,,Point,29.93168,78.13516,3.2,NEAR_CORRIDOR,OpenStreetMap contributors (ODbL),OPENSTREETMAP FEATURE (Unverified Operational Status)
node/6952173379,Shiv Shakti Hospital,hospital,hospital,,Point,29.92087,78.13881,2.99,IN_CORRIDOR,OpenStreetMap contributors (ODbL),OPENSTREETMAP FEATURE (Unverified Operational Status)
node/6953071775,Ganga Valley Hospital,hospital,hospital,,Point,29.92438,78.13727,3.1,NEAR_CORRIDOR,OpenStreetMap contributors (ODbL),OPENSTREETMAP FEATURE (Unverified Operational Status)
node/6953276702,Sondhi Nursing Home,clinic,clinic,,Point,29.9242,78.11944,4.95,NEAR_CORRIDOR,OpenStreetMap contributors (ODbL),OPENSTREETMAP FEATURE (Unverified Operational Status)
node/6953276776,Ganga Mata Charitable Eye Hospital and Research Institute,hospital,hospital,,Point,29.98924,78.19269,0.03,IN_CORRIDOR,OpenStreetMap contributors (ODbL),OPENSTREETMAP FEATURE (Unverified Operational Status)
node/6953552509,Preet Maternity Home And Ent Centre,clinic,clinic,,Point,29.92547,78.12344,4.52,NEAR_CORRIDOR,OpenStreetMap contributors (ODbL),OPENSTREETMAP FEATURE (Unverified Operational Status)
node/6953738074,Dr Mehras Nursing Home and Hospital,hospital,hospital,,Point,29.93306,78.13584,3.11,NEAR_CORRIDOR,OpenStreetMap contributors (ODbL),OPENSTREETMAP FEATURE (Unverified Operational Status)
node/6953845203,Lilawati Hospital,hospital,hospital,,Point,29.93254,78.07192,9.76,NEAR_CORRIDOR,OpenStreetMap contributors (ODbL),OPENSTREETMAP FEATURE (Unverified Operational Status)
node/6956686288,Shri Swami Bhumanand Hospital,hospital,hospital,,Point,29.91642,78.08243,8.92,NEAR_CORRIDOR,OpenStreetMap contributors (ODbL),OPENSTREETMAP FEATURE (Unverified Operational Status)
node/6956686342,Government Mela Hospital,hospital,hospital,,Point,29.95141,78.15782,0.91,IN_CORRIDOR,OpenStreetMap contributors (ODbL),OPENSTREETMAP FEATURE (Unverified Operational Status)
node/6957050048,Neelkanth Netralaya,clinic,clinic,,Point,29.9166,78.13727,3.22,NEAR_CORRIDOR,OpenStreetMap contributors (ODbL),OPENSTREETMAP FEATURE (Unverified Operational Status)
node/6958010670,Shatabdi Hospital,hospital,hospital,,Point,29.93372,78.07176,9.76,NEAR_CORRIDOR,OpenStreetMap contributors (ODbL),OPENSTREETMAP FEATURE (Unverified Operational Status)
node/7484472631,Mishra Maternity Hospital,hospital,hospital,,Point,29.92009,78.13713,3.18,NEAR_CORRIDOR,OpenStreetMap contributors (ODbL),OPENSTREETMAP FEATURE (Unverified Operational Status)
node/7484472645,Maxwell Janjeevan Hospital,hospital,hospital,,Point,29.92171,78.13634,3.24,NEAR_CORRIDOR,OpenStreetMap contributors (ODbL),OPENSTREETMAP FEATURE (Unverified Operational Status)
node/7484472667,Daksh Balaji Ortho Hospital,hospital,hospital,,Point,29.91856,78.14105,2.79,IN_CORRIDOR,OpenStreetMap contributors (ODbL),OPENSTREETMAP FEATURE (Unverified Operational Status)
node/7484472671,Sanjeevani Hospital,hospital,hospital,,Point,29.92228,78.13683,3.18,NEAR_CORRIDOR,OpenStreetMap contributors (ODbL),OPENSTREETMAP FEATURE (Unverified Operational Status)
node/7484472672,Shah Clinic,clinic,clinic,,Point,29.91869,78.13944,2.96,IN_CORRIDOR,OpenStreetMap contributors (ODbL),OPENSTREETMAP FEATURE (Unverified Operational Status)
node/8891542517,Shakti Sansthan,doctors,doctors,,Point,29.92602,78.13258,3.56,NEAR_CORRIDOR,OpenStreetMap contributors (ODbL),OPENSTREETMAP FEATURE (Unverified Operational Status)
node/10012603021,Krishna Medical Centre,clinic,clinic,clinic,Point,30.10884,78.29272,1.79,IN_CORRIDOR,OpenStreetMap contributors (ODbL),OPENSTREETMAP FEATURE (Unverified Operational Status)
node/11438148670,Aradhya Medicose,pharmacy,pharmacy,,Point,30.12081,78.31583,2.53,IN_CORRIDOR,OpenStreetMap contributors (ODbL),OPENSTREETMAP FEATURE (Unverified Operational Status)
node/11476456750,Gurukul Kangri Ayurvedic College & Hospital,hospital,hospital,hospital,Point,29.91872,78.11942,5.04,NEAR_CORRIDOR,OpenStreetMap contributors (ODbL),OPENSTREETMAP FEATURE (Unverified Operational Status)
node/11860290763,Rana eye center,hospital,hospital,,Point,30.09034,78.27361,0.3,IN_CORRIDOR,OpenStreetMap contributors (ODbL),OPENSTREETMAP FEATURE (Unverified Operational Status)
node/11860352788,Neeraj epilepsy clinic,hospital,hospital,,Point,30.09879,78.28841,0.85,IN_CORRIDOR,OpenStreetMap contributors (ODbL),OPENSTREETMAP FEATURE (Unverified Operational Status)
node/12049320442,Seema dental college and hospital,hospital,hospital,,Point,30.0692,78.27719,1.94,IN_CORRIDOR,OpenStreetMap contributors (ODbL),OPENSTREETMAP FEATURE (Unverified Operational Status)
way/742423053,S.P.S Government Hospital Rishikesh,hospital,hospital,hospital,Polygon,30.10873,78.29593,1.71,IN_CORRIDOR,OpenStreetMap contributors (ODbL),OPENSTREETMAP FEATURE (Unverified Operational Status)
way/742630681,Joshi Surgicial and Maternity Center,hospital,hospital,hospital,Polygon,30.1121,78.29414,2.1,IN_CORRIDOR,OpenStreetMap contributors (ODbL),OPENSTREETMAP FEATURE (Unverified Operational Status)
way/742634686,Bharadwaj Hospital and Maternity Home,hospital,hospital,hospital,Polygon,30.09814,78.28796,0.8,IN_CORRIDOR,OpenStreetMap contributors (ODbL),OPENSTREETMAP FEATURE (Unverified Operational Status)
way/742849500,Puri Sanjivani Hospital,hospital,hospital,hospital,Polygon,30.11432,78.29254,2.36,IN_CORRIDOR,OpenStreetMap contributors (ODbL),OPENSTREETMAP FEATURE (Unverified Operational Status)
way/742885990,Dashmesh Hospital and Sandhu Surgicial Center,hospital,hospital,hospital,Polygon,30.11202,78.29351,2.1,IN_CORRIDOR,OpenStreetMap contributors (ODbL),OPENSTREETMAP FEATURE (Unverified Operational Status)
way/743251353,Sri Krishna Sewa Ashram Hospital,hospital,hospital,hospital,Polygon,30.10779,78.30058,1.52,IN_CORRIDOR,OpenStreetMap contributors (ODbL),OPENSTREETMAP FEATURE (Unverified Operational Status)
way/743357867,Nirmal Ashram Hospital,hospital,hospital,hospital,Polygon,30.10444,78.30327,1.12,IN_CORRIDOR,OpenStreetMap contributors (ODbL),OPENSTREETMAP FEATURE (Unverified Operational Status)
way/825078065,"All India Institute of Medical Sciences, Rishikesh",hospital,hospital,hospital,Polygon,30.07788,78.28423,1.21,IN_CORRIDOR,OpenStreetMap contributors (ODbL),OPENSTREETMAP FEATURE (Unverified Operational Status)
way/1006239703,BHEL Hospital,hospital,hospital,hospital,Polygon,29.94827,78.11524,5.13,NEAR_CORRIDOR,OpenStreetMap contributors (ODbL),OPENSTREETMAP FEATURE (Unverified Operational Status)
way/1133268704,Unnamed Medical Facility,hospital,hospital,,Polygon,29.97311,78.0582,11.49,OUTSIDE_CORRIDOR,OpenStreetMap contributors (ODbL),OPENSTREETMAP FEATURE (Unverified Operational Status)
node/6950595585,"National Hospital, Haridwar",hospital,hospital,,Point,29.76155,78.03636,15.99,OUTSIDE_CORRIDOR,OpenStreetMap contributors (ODbL),OPENSTREETMAP FEATURE (Unverified Operational Status)
node/7018339832,Rita Nursing Home,clinic,clinic,,Point,29.38188,78.13376,0.18,IN_CORRIDOR,OpenStreetMap contributors (ODbL),OPENSTREETMAP FEATURE (Unverified Operational Status)
node/7018944950,Nav Jyoti Eye Hospital,hospital,hospital,,Point,29.37322,78.13613,0.67,IN_CORRIDOR,OpenStreetMap contributors (ODbL),OPENSTREETMAP FEATURE (Unverified Operational Status)
node/7020868741,Dev Nursing and Maternity Home,clinic,clinic,,Point,29.60725,78.33649,15.39,OUTSIDE_CORRIDOR,OpenStreetMap contributors (ODbL),OPENSTREETMAP FEATURE (Unverified Operational Status)
node/7020925946,Kundan Hospital,hospital,hospital,,Point,29.37607,78.13454,0.43,IN_CORRIDOR,OpenStreetMap contributors (ODbL),OPENSTREETMAP FEATURE (Unverified Operational Status)
node/7022344888,Aayushmaan Hospital,hospital,hospital,,Point,29.38662,78.1442,1.1,IN_CORRIDOR,OpenStreetMap contributors (ODbL),OPENSTREETMAP FEATURE (Unverified Operational Status)
node/7025155365,Gayatri Nursing Home,clinic,clinic,,Point,29.3788,78.13809,0.71,IN_CORRIDOR,OpenStreetMap contributors (ODbL),OPENSTREETMAP FEATURE (Unverified Operational Status)
node/7025501331,Durga Sahai Centre and Maternity Home,clinic,clinic,,Point,29.38666,78.1458,1.26,IN_CORRIDOR,OpenStreetMap contributors (ODbL),OPENSTREETMAP FEATURE (Unverified Operational Status)
node/7025682859,Radhe Shyam Hospital,hospital,hospital,,Point,29.3748,78.1368,0.69,IN_CORRIDOR,OpenStreetMap contributors (ODbL),OPENSTREETMAP FEATURE (Unverified Operational Status)
node/7031944235,Kartik Hospital,hospital,hospital,,Point,29.38147,78.14158,0.99,IN_CORRIDOR,OpenStreetMap contributors (ODbL),OPENSTREETMAP FEATURE (Unverified Operational Status)
node/7034665783,Kanha Karanwal Hospital,hospital,hospital,,Point,29.60572,78.34032,15.8,OUTSIDE_CORRIDOR,OpenStreetMap contributors (ODbL),OPENSTREETMAP FEATURE (Unverified Operational Status)
node/7034813489,Prabhakar Nursing Home and Diagnostic Centre,clinic,clinic,,Point,29.59943,78.34009,15.81,OUTSIDE_CORRIDOR,OpenStreetMap contributors (ODbL),OPENSTREETMAP FEATURE (Unverified Operational Status)
node/7036355588,Nursing Home,clinic,clinic,clinic,Point,29.39037,78.13604,0.17,IN_CORRIDOR,OpenStreetMap contributors (ODbL),OPENSTREETMAP FEATURE (Unverified Operational Status)
node/7169961883,District Hospital Bijnor,hospital,hospital,hospital,Point,29.38432,78.13645,0.39,IN_CORRIDOR,OpenStreetMap contributors (ODbL),OPENSTREETMAP FEATURE (Unverified Operational Status)
node/7173757319,Government Hospital Jhalu,hospital,hospital,,Point,29.33092,78.21705,10.25,OUTSIDE_CORRIDOR,OpenStreetMap contributors (ODbL),OPENSTREETMAP FEATURE (Unverified Operational Status)
node/11697858366,Wellness Forever,pharmacy,pharmacy,pharmacy,Point,29.38542,78.12079,1.23,IN_CORRIDOR,OpenStreetMap contributors (ODbL),OPENSTREETMAP FEATURE (Unverified Operational Status)
node/11698404491,Beena Prakash Hospital,hospital,hospital,hospital,Point,29.37903,78.1384,0.73,IN_CORRIDOR,OpenStreetMap contributors (ODbL),OPENSTREETMAP FEATURE (Unverified Operational Status)
node/11698548632,asian hospital,hospital,hospital,hospital,Point,29.37275,78.12984,0.24,IN_CORRIDOR,OpenStreetMap contributors (ODbL),OPENSTREETMAP FEATURE (Unverified Operational Status)
