elevation_m_msl,storage_mcm,storage_m3,provenance
570.0,0.0,0.0,SIMPLIFIED EMERGENCY-PLANNING BENCHMARK HYPSOMETRY (Monotonic power-law canyon model calibrated to 570m/740m/830m reported anchors; bathymetric curve is unobserved)
571.0,0.0,83.3,SIMPLIFIED EMERGENCY-PLANNING BENCHMARK HYPSOMETRY (Monotonic power-law canyon model calibrated to 570m/740m/830m reported anchors; bathymetric curve is unobserved)
572.0,0.001,744.1,SIMPLIFIED EMERGENCY-PLANNING BENCHMARK HYPSOMETRY (Monotonic power-law canyon model calibrated to 570m/740m/830m reported anchors; bathymetric curve is unobserved)
573.0,0.003,2678.3,SIMPLIFIED EMERGENCY-PLANNING BENCHMARK HYPSOMETRY (Monotonic power-law canyon model calibrated to 570m/740m/830m reported anchors; bathymetric curve is unobserved)
574.0,0.007,6645.3,SIMPLIFIED EMERGENCY-PLANNING BENCHMARK HYPSOMETRY (Monotonic power-law canyon model calibrated to 570m/740m/830m reported anchors; bathymetric curve is unobserved)
575.0,0.013,13447.0,SIMPLIFIED EMERGENCY-PLANNING BENCHMARK HYPSOMETRY (Monotonic power-law canyon model calibrated to 570m/740m/830m reported anchors; bathymetric curve is unobserved)
576.0,0.024,23918.6,SIMPLIFIED EMERGENCY-PLANNING BENCHMARK HYPSOMETRY (Monotonic power-law canyon model calibrated to 570m/740m/830m reported anchors; bathymetric curve is unobserved)
577.0,0.039,38922.6,SIMPLIFIED EMERGENCY-PLANNING BENCHMARK HYPSOMETRY (Monotonic power-law canyon model calibrated to 570m/740m/830m reported anchors; bathymetric curve is unobserved)
578.0,0.059,59344.8,SIMPLIFIED EMERGENCY-PLANNING BENCHMARK HYPSOMETRY (Monotonic power-law canyon model calibrated to 570m/740m/830m reported anchors; bathymetric curve is unobserved)
579.0,0.086,86091.3,SIMPLIFIED EMERGENCY-PLANNING BENCHMARK HYPSOMETRY (Monotonic power-law canyon model calibrated to 570m/740m/830m reported anchors; bathymetric curve is unobserved)
580.0,0.12,120086.6,SIMPLIFIED EMERGENCY-PLANNING BENCHMARK HYPSOMETRY (Monotonic power-law canyon model calibrated to 570m/740m/830m reported anchors; bathymetric curve is unobserved)
581.0,0.162,162271.6,SIMPLIFIED EMERGENCY-PLANNING BENCHMARK HYPSOMETRY (Monotonic power-law canyon model calibrated to 570m/740m/830m reported anchors; bathymetric curve is unobserved)
582.0,0.214,213602.4,SIMPLIFIED EMERGENCY-PLANNING BENCHMARK HYPSOMETRY (Monotonic power-law canyon model calibrated to 570m/740m/830m reported anchors; bathymetric curve is unobserved)
583.0,0.275,275049.0,SIMPLIFIED EMERGENCY-PLANNING BENCHMARK HYPSOMETRY (Monotonic power-law canyon model calibrated to 570m/740m/830m reported anchors; bathymetric curve is unobserved)
584.0,0.348,347594.2,SIMPLIFIED EMERGENCY-PLANNING BENCHMARK HYPSOMETRY (Monotonic power-law canyon model calibrated to 570m/740m/830m reported anchors; bathymetric curve is unobserved)
585.0,0.432,432233.1,SIMPLIFIED EMERGENCY-PLANNING BENCHMARK HYPSOMETRY (Monotonic power-law canyon model calibrated to 570m/740m/830m reported anchors; bathymetric curve is unobserved)
586.0,0.53,529972.1,SIMPLIFIED EMERGENCY-PLANNING BENCHMARK HYPSOMETRY (Monotonic power-law canyon model calibrated to 570m/740m/830m reported anchors; bathymetric curve is unobserved)
587.0,0.642,641828.3,SIMPLIFIED EMERGENCY-PLANNING BENCHMARK HYPSOMETRY (Monotonic power-law canyon model calibrated to 570m/740m/830m reported anchors; bathymetric curve is unobserved)
588.0,0.769,768828.8,SIMPLIFIED EMERGENCY-PLANNING BENCHMARK HYPSOMETRY (Monotonic power-law canyon model calibrated to 570m/740m/830m reported anchors; bathymetric curve is unobserved)
589.0,0.912,912010.7,SIMPLIFIED EMERGENCY-PLANNING BENCHMARK HYPSOMETRY (Monotonic power-law canyon model calibrated to 570m/740m/830m reported anchors; bathymetric curve is unobserved)
590.0,1.072,1072420.0,SIMPLIFIED EMERGENCY-PLANNING BENCHMARK HYPSOMETRY (Monotonic power-law canyon model calibrated to 570m/740m/830m reported anchors; bathymetric curve is unobserved)
591.0,1.251,1251111.5,SIMPLIFIED EMERGENCY-PLANNING BENCHMARK HYPSOMETRY (Monotonic power-law canyon model calibrated to 570m/740m/830m reported anchors; bathymetric curve is unobserved)
592.0,1.449,1449148.6,SIMPLIFIED EMERGENCY-PLANNING BENCHMARK HYPSOMETRY (Monotonic power-law canyon model calibrated to 570m/740m/830m reported anchors; bathymetric curve is unobserved)
593.0,1.668,1667602.6,SIMPLIFIED EMERGENCY-PLANNING BENCHMARK HYPSOMETRY (Monotonic power-law canyon model calibrated to 570m/740m/830m reported anchors; bathymetric curve is unobserved)
594.0,1.908,1907552.6,SIMPLIFIED EMERGENCY-PLANNING BENCHMARK HYPSOMETRY (Monotonic power-law canyon model calibrated to 570m/740m/830m reported anchors; bathymetric curve is unobserved)
595.0,2.17,2170085.2,SIMPLIFIED EMERGENCY-PLANNING BENCHMARK HYPSOMETRY (Monotonic power-law canyon model calibrated to 570m/740m/830m reported anchors; bathymetric curve is unobserved)
596.0,2.456,2456294.2,SIMPLIFIED EMERGENCY-PLANNING BENCHMARK HYPSOMETRY (Monotonic power-law canyon model calibrated to 570m/740m/830m reported anchors; bathymetric curve is unobserved)
597.0,2.767,2767280.3,SIMPLIFIED EMERGENCY-PLANNING BENCHMARK HYPSOMETRY (Monotonic power-law canyon model calibrated to 570m/740m/830m reported anchors; bathymetric curve is unobserved)
598.0,3.104,3104151.2,SIMPLIFIED EMERGENCY-PLANNING BENCHMARK HYPSOMETRY (Monotonic power-law canyon model calibrated to 570m/740m/830m reported anchors; bathymetric curve is unobserved)
599.0,3.468,3468020.9,SIMPLIFIED EMERGENCY-PLANNING BENCHMARK HYPSOMETRY (Monotonic power-law canyon model calibrated to 570m/740m/830m reported anchors; bathymetric curve is unobserved)
600.0,3.86,3860009.7,SIMPLIFIED EMERGENCY-PLANNING BENCHMARK HYPSOMETRY (Monotonic power-law canyon model calibrated to 570m/740m/830m reported anchors; bathymetric curve is unobserved)
601.0,4.281,4281244.1,SIMPLIFIED EMERGENCY-PLANNING BENCHMARK HYPSOMETRY (Monotonic power-law canyon model calibrated to 570m/740m/830m reported anchors; bathymetric curve is unobserved)
602.0,4.733,4732856.8,SIMPLIFIED EMERGENCY-PLANNING BENCHMARK HYPSOMETRY (Monotonic power-law canyon model calibrated to 570m/740m/830m reported anchors; bathymetric curve is unobserved)
603.0,5.216,5215986.0,SIMPLIFIED EMERGENCY-PLANNING BENCHMARK HYPSOMETRY (Monotonic power-law canyon model calibrated to 570m/740m/830m reported anchors; bathymetric curve is unobserved)
604.0,5.732,5731775.7,SIMPLIFIED EMERGENCY-PLANNING BENCHMARK HYPSOMETRY (Monotonic power-law canyon model calibrated to 570m/740m/830m reported anchors; bathymetric curve is unobserved)
605.0,6.281,6281375.4,SIMPLIFIED EMERGENCY-PLANNING BENCHMARK HYPSOMETRY (Monotonic power-law canyon model calibrated to 570m/740m/830m reported anchors; bathymetric curve is unobserved)
606.0,6.866,6865940.0,SIMPLIFIED EMERGENCY-PLANNING BENCHMARK HYPSOMETRY (Monotonic power-law canyon model calibrated to 570m/740m/830m reported anchors; bathymetric curve is unobserved)
607.0,7.487,7486629.7,SIMPLIFIED EMERGENCY-PLANNING BENCHMARK HYPSOMETRY (Monotonic power-law canyon model calibrated to 570m/740m/830m reported anchors; bathymetric curve is unobserved)
608.0,8.145,8144609.8,SIMPLIFIED EMERGENCY-PLANNING BENCHMARK HYPSOMETRY (Monotonic power-law canyon model calibrated to 570m/740m/830m reported anchors; bathymetric curve is unobserved)
609.0,8.841,8841050.4,SIMPLIFIED EMERGENCY-PLANNING BENCHMARK HYPSOMETRY (Monotonic power-law canyon model calibrated to 570m/740m/830m reported anchors; bathymetric curve is unobserved)
610.0,9.577,9577126.8,SIMPLIFIED EMERGENCY-PLANNING BENCHMARK HYPSOMETRY (Monotonic power-law canyon model calibrated to 570m/740m/830m reported anchors; bathymetric curve is unobserved)
611.0,10.354,10354019.0,SIMPLIFIED EMERGENCY-PLANNING BENCHMARK HYPSOMETRY (Monotonic power-law canyon model calibrated to 570m/740m/830m reported anchors; bathymetric curve is unobserved)
612.0,11.173,11172911.6,SIMPLIFIED EMERGENCY-PLANNING BENCHMARK HYPSOMETRY (Monotonic power-law canyon model calibrated to 570m/740m/830m reported anchors; bathymetric curve is unobserved)
613.0,12.035,12034993.9,SIMPLIFIED EMERGENCY-PLANNING BENCHMARK HYPSOMETRY (Monotonic power-law canyon model calibrated to 570m/740m/830m reported anchors; bathymetric curve is unobserved)
614.0,12.941,12941459.6,SIMPLIFIED EMERGENCY-PLANNING BENCHMARK HYPSOMETRY (Monotonic power-law canyon model calibrated to 570m/740m/830m reported anchors; bathymetric curve is unobserved)
615.0,13.894,13893506.9,SIMPLIFIED EMERGENCY-PLANNING BENCHMARK HYPSOMETRY (Monotonic power-law canyon model calibrated to 570m/740m/830m reported anchors; bathymetric curve is unobserved)
616.0,14.892,14892338.4,SIMPLIFIED EMERGENCY-PLANNING BENCHMARK HYPSOMETRY (Monotonic power-law canyon model calibrated to 570m/740m/830m reported anchors; bathymetric curve is unobserved)
617.0,15.939,15939160.7,SIMPLIFIED EMERGENCY-PLANNING BENCHMARK HYPSOMETRY (Monotonic power-law canyon model calibrated to 570m/740m/830m reported anchors; bathymetric curve is unobserved)
618.0,17.035,17035184.9,SIMPLIFIED EMERGENCY-PLANNING BENCHMARK HYPSOMETRY (Monotonic power-law canyon model calibrated to 570m/740m/830m reported anchors; bathymetric curve is unobserved)
619.0,18.182,18181625.9,SIMPLIFIED EMERGENCY-PLANNING BENCHMARK HYPSOMETRY (Monotonic power-law canyon model calibrated to 570m/740m/830m reported anchors; bathymetric curve is unobserved)
620.0,19.38,19379702.9,SIMPLIFIED EMERGENCY-PLANNING BENCHMARK HYPSOMETRY (Monotonic power-law canyon model calibrated to 570m/740m/830m reported anchors; bathymetric curve is unobserved)
621.0,20.631,20630638.7,SIMPLIFIED EMERGENCY-PLANNING BENCHMARK HYPSOMETRY (Monotonic power-law canyon model calibrated to 570m/740m/830m reported anchors; bathymetric curve is unobserved)
622.0,21.936,21935660.3,SIMPLIFIED EMERGENCY-PLANNING BENCHMARK HYPSOMETRY (Monotonic power-law canyon model calibrated to 570m/740m/830m reported anchors; bathymetric curve is unobserved)
623.0,23.296,23295998.5,SIMPLIFIED EMERGENCY-PLANNING BENCHMARK HYPSOMETRY (Monotonic power-law canyon model calibrated to 570m/740m/830m reported anchors; bathymetric curve is unobserved)
624.0,24.713,24712887.7,SIMPLIFIED EMERGENCY-PLANNING BENCHMARK HYPSOMETRY (Monotonic power-law canyon model calibrated to 570m/740m/830m reported anchors; bathymetric curve is unobserved)
625.0,26.188,26187566.1,SIMPLIFIED EMERGENCY-PLANNING BENCHMARK HYPSOMETRY (Monotonic power-law canyon model calibrated to 570m/740m/830m reported anchors; bathymetric curve is unobserved)
626.0,27.721,27721275.5,SIMPLIFIED EMERGENCY-PLANNING BENCHMARK HYPSOMETRY (Monotonic power-law canyon model calibrated to 570m/740m/830m reported anchors; bathymetric curve is unobserved)
627.0,29.315,29315261.3,SIMPLIFIED EMERGENCY-PLANNING BENCHMARK HYPSOMETRY (Monotonic power-law canyon model calibrated to 570m/740m/830m reported anchors; bathymetric curve is unobserved)
628.0,30.971,30970772.6,SIMPLIFIED EMERGENCY-PLANNING BENCHMARK HYPSOMETRY (Monotonic power-law canyon model calibrated to 570m/740m/830m reported anchors; bathymetric curve is unobserved)
629.0,32.689,32689061.8,SIMPLIFIED EMERGENCY-PLANNING BENCHMARK HYPSOMETRY (Monotonic power-law canyon model calibrated to 570m/740m/830m reported anchors; bathymetric curve is unobserved)
630.0,34.471,34471384.6,SIMPLIFIED EMERGENCY-PLANNING BENCHMARK HYPSOMETRY (Monotonic power-law canyon model calibrated to 570m/740m/830m reported anchors; bathymetric curve is unobserved)
631.0,36.319,36319000.5,SIMPLIFIED EMERGENCY-PLANNING BENCHMARK HYPSOMETRY (Monotonic power-law canyon model calibrated to 570m/740m/830m reported anchors; bathymetric curve is unobserved)
632.0,38.233,38233171.9,SIMPLIFIED EMERGENCY-PLANNING BENCHMARK HYPSOMETRY (Monotonic power-law canyon model calibrated to 570m/740m/830m reported anchors; bathymetric curve is unobserved)
633.0,40.215,40215164.7,SIMPLIFIED EMERGENCY-PLANNING BENCHMARK HYPSOMETRY (Monotonic power-law canyon model calibrated to 570m/740m/830m reported anchors; bathymetric curve is unobserved)
634.0,42.266,42266248.2,SIMPLIFIED EMERGENCY-PLANNING BENCHMARK HYPSOMETRY (Monotonic power-law canyon model calibrated to 570m/740m/830m reported anchors; bathymetric curve is unobserved)
635.0,44.388,44387694.5,SIMPLIFIED EMERGENCY-PLANNING BENCHMARK HYPSOMETRY (Monotonic power-law canyon model calibrated to 570m/740m/830m reported anchors; bathymetric curve is unobserved)
636.0,46.581,46580779.3,SIMPLIFIED EMERGENCY-PLANNING BENCHMARK HYPSOMETRY (Monotonic power-law canyon model calibrated to 570m/740m/830m reported anchors; bathymetric curve is unobserved)
637.0,48.847,48846781.1,SIMPLIFIED EMERGENCY-PLANNING BENCHMARK HYPSOMETRY (Monotonic power-law canyon model calibrated to 570m/740m/830m reported anchors; bathymetric curve is unobserved)
638.0,51.187,51186981.5,SIMPLIFIED EMERGENCY-PLANNING BENCHMARK HYPSOMETRY (Monotonic power-law canyon model calibrated to 570m/740m/830m reported anchors; bathymetric curve is unobserved)
639.0,53.603,53602665.4,SIMPLIFIED EMERGENCY-PLANNING BENCHMARK HYPSOMETRY (Monotonic power-law canyon model calibrated to 570m/740m/830m reported anchors; bathymetric curve is unobserved)
640.0,56.095,56095120.4,SIMPLIFIED EMERGENCY-PLANNING BENCHMARK HYPSOMETRY (Monotonic power-law canyon model calibrated to 570m/740m/830m reported anchors; bathymetric curve is unobserved)
641.0,58.666,58665637.3,SIMPLIFIED EMERGENCY-PLANNING BENCHMARK HYPSOMETRY (Monotonic power-law canyon model calibrated to 570m/740m/830m reported anchors; bathymetric curve is unobserved)
642.0,61.316,61315509.6,SIMPLIFIED EMERGENCY-PLANNING BENCHMARK HYPSOMETRY (Monotonic power-law canyon model calibrated to 570m/740m/830m reported anchors; bathymetric curve is unobserved)
643.0,64.046,64046033.9,SIMPLIFIED EMERGENCY-PLANNING BENCHMARK HYPSOMETRY (Monotonic power-law canyon model calibrated to 570m/740m/830m reported anchors; bathymetric curve is unobserved)
644.0,66.859,66858509.6,SIMPLIFIED EMERGENCY-PLANNING BENCHMARK HYPSOMETRY (Monotonic power-law canyon model calibrated to 570m/740m/830m reported anchors; bathymetric curve is unobserved)
645.0,69.754,69754238.8,SIMPLIFIED EMERGENCY-PLANNING BENCHMARK HYPSOMETRY (Monotonic power-law canyon model calibrated to 570m/740m/830m reported anchors; bathymetric curve is unobserved)
646.0,72.735,72734526.7,SIMPLIFIED EMERGENCY-PLANNING BENCHMARK HYPSOMETRY (Monotonic power-law canyon model calibrated to 570m/740m/830m reported anchors; bathymetric curve is unobserved)
647.0,75.801,75800680.9,SIMPLIFIED EMERGENCY-PLANNING BENCHMARK HYPSOMETRY (Monotonic power-law canyon model calibrated to 570m/740m/830m reported anchors; bathymetric curve is unobserved)
648.0,78.954,78954011.9,SIMPLIFIED EMERGENCY-PLANNING BENCHMARK HYPSOMETRY (Monotonic power-law canyon model calibrated to 570m/740m/830m reported anchors; bathymetric curve is unobserved)
649.0,82.196,82195833.0,SIMPLIFIED EMERGENCY-PLANNING BENCHMARK HYPSOMETRY (Monotonic power-law canyon model calibrated to 570m/740m/830m reported anchors; bathymetric curve is unobserved)
650.0,85.527,85527460.1,SIMPLIFIED EMERGENCY-PLANNING BENCHMARK HYPSOMETRY (Monotonic power-law canyon model calibrated to 570m/740m/830m reported anchors; bathymetric curve is unobserved)
651.0,88.95,88950211.6,SIMPLIFIED EMERGENCY-PLANNING BENCHMARK HYPSOMETRY (Monotonic power-law canyon model calibrated to 570m/740m/830m reported anchors; bathymetric curve is unobserved)
652.0,92.465,92465408.7,SIMPLIFIED EMERGENCY-PLANNING BENCHMARK HYPSOMETRY (Monotonic power-law canyon model calibrated to 570m/740m/830m reported anchors; bathymetric curve is unobserved)
653.0,96.074,96074375.3,SIMPLIFIED EMERGENCY-PLANNING BENCHMARK HYPSOMETRY (Monotonic power-law canyon model calibrated to 570m/740m/830m reported anchors; bathymetric curve is unobserved)
654.0,99.778,99778437.5,SIMPLIFIED EMERGENCY-PLANNING BENCHMARK HYPSOMETRY (Monotonic power-law canyon model calibrated to 570m/740m/830m reported anchors; bathymetric curve is unobserved)
655.0,103.579,103578924.2,SIMPLIFIED EMERGENCY-PLANNING BENCHMARK HYPSOMETRY (Monotonic power-law canyon model calibrated to 570m/740m/830m reported anchors; bathymetric curve is unobserved)
656.0,107.477,107477166.8,SIMPLIFIED EMERGENCY-PLANNING BENCHMARK HYPSOMETRY (Monotonic power-law canyon model calibrated to 570m/740m/830m reported anchors; bathymetric curve is unobserved)
657.0,111.474,111474499.2,SIMPLIFIED EMERGENCY-PLANNING BENCHMARK HYPSOMETRY (Monotonic power-law canyon model calibrated to 570m/740m/830m reported anchors; bathymetric curve is unobserved)
658.0,115.572,115572257.5,SIMPLIFIED EMERGENCY-PLANNING BENCHMARK HYPSOMETRY (Monotonic power-law canyon model calibrated to 570m/740m/830m reported anchors; bathymetric curve is unobserved)
659.0,119.772,119771780.7,SIMPLIFIED EMERGENCY-PLANNING BENCHMARK HYPSOMETRY (Monotonic power-law canyon model calibrated to 570m/740m/830m reported anchors; bathymetric curve is unobserved)
660.0,124.074,124074409.8,SIMPLIFIED EMERGENCY-PLANNING BENCHMARK HYPSOMETRY (Monotonic power-law canyon model calibrated to 570m/740m/830m reported anchors; bathymetric curve is unobserved)
661.0,128.481,128481488.5,SIMPLIFIED EMERGENCY-PLANNING BENCHMARK HYPSOMETRY (Monotonic power-law canyon model calibrated to 570m/740m/830m reported anchors; bathymetric curve is unobserved)
662.0,132.994,132994362.6,SIMPLIFIED EMERGENCY-PLANNING BENCHMARK HYPSOMETRY (Monotonic power-law canyon model calibrated to 570m/740m/830m reported anchors; bathymetric curve is unobserved)
663.0,137.614,137614380.4,SIMPLIFIED EMERGENCY-PLANNING BENCHMARK HYPSOMETRY (Monotonic power-law canyon model calibrated to 570m/740m/830m reported anchors; bathymetric curve is unobserved)
664.0,142.343,142342892.6,SIMPLIFIED EMERGENCY-PLANNING BENCHMARK HYPSOMETRY (Monotonic power-law canyon model calibrated to 570m/740m/830m reported anchors; bathymetric curve is unobserved)
665.0,147.181,147181252.0,SIMPLIFIED EMERGENCY-PLANNING BENCHMARK HYPSOMETRY (Monotonic power-law canyon model calibrated to 570m/740m/830m reported anchors; bathymetric curve is unobserved)
666.0,152.131,152130813.9,SIMPLIFIED EMERGENCY-PLANNING BENCHMARK HYPSOMETRY (Monotonic power-law canyon model calibrated to 570m/740m/830m reported anchors; bathymetric curve is unobserved)
667.0,157.193,157192935.8,SIMPLIFIED EMERGENCY-PLANNING BENCHMARK HYPSOMETRY (Monotonic power-law canyon model calibrated to 570m/740m/830m reported anchors; bathymetric curve is unobserved)
668.0,162.369,162368977.3,SIMPLIFIED EMERGENCY-PLANNING BENCHMARK HYPSOMETRY (Monotonic power-law canyon model calibrated to 570m/740m/830m reported anchors; bathymetric curve is unobserved)
669.0,167.66,167660300.4,SIMPLIFIED EMERGENCY-PLANNING BENCHMARK HYPSOMETRY (Monotonic power-law canyon model calibrated to 570m/740m/830m reported anchors; bathymetric curve is unobserved)
670.0,173.068,173068269.3,SIMPLIFIED EMERGENCY-PLANNING BENCHMARK HYPSOMETRY (Monotonic power-law canyon model calibrated to 570m/740m/830m reported anchors; bathymetric curve is unobserved)
671.0,178.594,178594250.3,SIMPLIFIED EMERGENCY-PLANNING BENCHMARK HYPSOMETRY (Monotonic power-law canyon model calibrated to 570m/740m/830m reported anchors; bathymetric curve is unobserved)
672.0,184.24,184239611.9,SIMPLIFIED EMERGENCY-PLANNING BENCHMARK HYPSOMETRY (Monotonic power-law canyon model calibrated to 570m/740m/830m reported anchors; bathymetric curve is unobserved)
673.0,190.006,190005724.8,SIMPLIFIED EMERGENCY-PLANNING BENCHMARK HYPSOMETRY (Monotonic power-law canyon model calibrated to 570m/740m/830m reported anchors; bathymetric curve is unobserved)
674.0,195.894,195893961.7,SIMPLIFIED EMERGENCY-PLANNING BENCHMARK HYPSOMETRY (Monotonic power-law canyon model calibrated to 570m/740m/830m reported anchors; bathymetric curve is unobserved)
675.0,201.906,201905697.7,SIMPLIFIED EMERGENCY-PLANNING BENCHMARK HYPSOMETRY (Monotonic power-law canyon model calibrated to 570m/740m/830m reported anchors; bathymetric curve is unobserved)
676.0,208.042,208042309.6,SIMPLIFIED EMERGENCY-PLANNING BENCHMARK HYPSOMETRY (Monotonic power-law canyon model calibrated to 570m/740m/830m reported anchors; bathymetric curve is unobserved)
677.0,214.305,214305176.7,SIMPLIFIED EMERGENCY-PLANNING BENCHMARK HYPSOMETRY (Monotonic power-law canyon model calibrated to 570m/740m/830m reported anchors; bathymetric curve is unobserved)
678.0,220.696,220695680.0,SIMPLIFIED EMERGENCY-PLANNING BENCHMARK HYPSOMETRY (Monotonic power-law canyon model calibrated to 570m/740m/830m reported anchors; bathymetric curve is unobserved)
679.0,227.215,227215202.8,SIMPLIFIED EMERGENCY-PLANNING BENCHMARK HYPSOMETRY (Monotonic power-law canyon model calibrated to 570m/740m/830m reported anchors; bathymetric curve is unobserved)
680.0,233.865,233865130.4,SIMPLIFIED EMERGENCY-PLANNING BENCHMARK HYPSOMETRY (Monotonic power-law canyon model calibrated to 570m/740m/830m reported anchors; bathymetric curve is unobserved)
681.0,240.647,240646849.9,SIMPLIFIED EMERGENCY-PLANNING BENCHMARK HYPSOMETRY (Monotonic power-law canyon model calibrated to 570m/740m/830m reported anchors; bathymetric curve is unobserved)
682.0,247.562,247561750.8,SIMPLIFIED EMERGENCY-PLANNING BENCHMARK HYPSOMETRY (Monotonic power-law canyon model calibrated to 570m/740m/830m reported anchors; bathymetric curve is unobserved)
683.0,254.611,254611224.1,SIMPLIFIED EMERGENCY-PLANNING BENCHMARK HYPSOMETRY (Monotonic power-law canyon model calibrated to 570m/740m/830m reported anchors; bathymetric curve is unobserved)
684.0,261.797,261796663.3,SIMPLIFIED EMERGENCY-PLANNING BENCHMARK HYPSOMETRY (Monotonic power-law canyon model calibrated to 570m/740m/830m reported anchors; bathymetric curve is unobserved)
685.0,269.119,269119463.4,SIMPLIFIED EMERGENCY-PLANNING BENCHMARK HYPSOMETRY (Monotonic power-law canyon model calibrated to 570m/740m/830m reported anchors; bathymetric curve is unobserved)
686.0,276.581,276581021.6,SIMPLIFIED EMERGENCY-PLANNING BENCHMARK HYPSOMETRY (Monotonic power-law canyon model calibrated to 570m/740m/830m reported anchors; bathymetric curve is unobserved)
687.0,284.183,284182737.0,SIMPLIFIED EMERGENCY-PLANNING BENCHMARK HYPSOMETRY (Monotonic power-law canyon model calibrated to 570m/740m/830m reported anchors; bathymetric curve is unobserved)
688.0,291.926,291926010.6,SIMPLIFIED EMERGENCY-PLANNING BENCHMARK HYPSOMETRY (Monotonic power-law canyon model calibrated to 570m/740m/830m reported anchors; bathymetric curve is unobserved)
689.0,299.812,299812245.2,SIMPLIFIED EMERGENCY-PLANNING BENCHMARK HYPSOMETRY (Monotonic power-law canyon model calibrated to 570m/740m/830m reported anchors; bathymetric curve is unobserved)
690.0,307.843,307842845.5,SIMPLIFIED EMERGENCY-PLANNING BENCHMARK HYPSOMETRY (Monotonic power-law canyon model calibrated to 570m/740m/830m reported anchors; bathymetric curve is unobserved)
691.0,316.019,316019218.4,SIMPLIFIED EMERGENCY-PLANNING BENCHMARK HYPSOMETRY (Monotonic power-law canyon model calibrated to 570m/740m/830m reported anchors; bathymetric curve is unobserved)
692.0,324.343,324342772.2,SIMPLIFIED EMERGENCY-PLANNING BENCHMARK HYPSOMETRY (Monotonic power-law canyon model calibrated to 570m/740m/830m reported anchors; bathymetric curve is unobserved)
693.0,332.815,332814917.3,SIMPLIFIED EMERGENCY-PLANNING BENCHMARK HYPSOMETRY (Monotonic power-law canyon model calibrated to 570m/740m/830m reported anchors; bathymetric curve is unobserved)
694.0,341.437,341437065.9,SIMPLIFIED EMERGENCY-PLANNING BENCHMARK HYPSOMETRY (Monotonic power-law canyon model calibrated to 570m/740m/830m reported anchors; bathymetric curve is unobserved)
695.0,350.211,350210632.1,SIMPLIFIED EMERGENCY-PLANNING BENCHMARK HYPSOMETRY (Monotonic power-law canyon model calibrated to 570m/740m/830m reported anchors; bathymetric curve is unobserved)
696.0,359.137,359137031.6,SIMPLIFIED EMERGENCY-PLANNING BENCHMARK HYPSOMETRY (Monotonic power-law canyon model calibrated to 570m/740m/830m reported anchors; bathymetric curve is unobserved)
697.0,368.218,368217682.1,SIMPLIFIED EMERGENCY-PLANNING BENCHMARK HYPSOMETRY (Monotonic power-law canyon model calibrated to 570m/740m/830m reported anchors; bathymetric curve is unobserved)
698.0,377.454,377454002.9,SIMPLIFIED EMERGENCY-PLANNING BENCHMARK HYPSOMETRY (Monotonic power-law canyon model calibrated to 570m/740m/830m reported anchors; bathymetric curve is unobserved)
699.0,386.847,386847415.4,SIMPLIFIED EMERGENCY-PLANNING BENCHMARK HYPSOMETRY (Monotonic power-law canyon model calibrated to 570m/740m/830m reported anchors; bathymetric curve is unobserved)
700.0,396.399,396399342.4,SIMPLIFIED EMERGENCY-PLANNING BENCHMARK HYPSOMETRY (Monotonic power-law canyon model calibrated to 570m/740m/830m reported anchors; bathymetric curve is unobserved)
701.0,406.111,406111208.7,SIMPLIFIED EMERGENCY-PLANNING BENCHMARK HYPSOMETRY (Monotonic power-law canyon model calibrated to 570m/740m/830m reported anchors; bathymetric curve is unobserved)
702.0,415.984,415984440.6,SIMPLIFIED EMERGENCY-PLANNING BENCHMARK HYPSOMETRY (Monotonic power-law canyon model calibrated to 570m/740m/830m reported anchors; bathymetric curve is unobserved)
703.0,426.02,426020466.4,SIMPLIFIED EMERGENCY-PLANNING BENCHMARK HYPSOMETRY (Monotonic power-law canyon model calibrated to 570m/740m/830m reported anchors; bathymetric curve is unobserved)
704.0,436.221,436220716.0,SIMPLIFIED EMERGENCY-PLANNING BENCHMARK HYPSOMETRY (Monotonic power-law canyon model calibrated to 570m/740m/830m reported anchors; bathymetric curve is unobserved)
705.0,446.587,446586620.9,SIMPLIFIED EMERGENCY-PLANNING BENCHMARK HYPSOMETRY (Monotonic power-law canyon model calibrated to 570m/740m/830m reported anchors; bathymetric curve is unobserved)
706.0,457.12,457119614.5,SIMPLIFIED EMERGENCY-PLANNING BENCHMARK HYPSOMETRY (Monotonic power-law canyon model calibrated to 570m/740m/830m reported anchors; bathymetric curve is unobserved)
707.0,467.821,467821131.7,SIMPLIFIED EMERGENCY-PLANNING BENCHMARK HYPSOMETRY (Monotonic power-law canyon model calibrated to 570m/740m/830m reported anchors; bathymetric curve is unobserved)
708.0,478.693,478692609.2,SIMPLIFIED EMERGENCY-PLANNING BENCHMARK HYPSOMETRY (Monotonic power-law canyon model calibrated to 570m/740m/830m reported anchors; bathymetric curve is unobserved)
709.0,489.735,489735485.3,SIMPLIFIED EMERGENCY-PLANNING BENCHMARK HYPSOMETRY (Monotonic power-law canyon model calibrated to 570m/740m/830m reported anchors; bathymetric curve is unobserved)
710.0,500.951,500951200.1,SIMPLIFIED EMERGENCY-PLANNING BENCHMARK HYPSOMETRY (Monotonic power-law canyon model calibrated to 570m/740m/830m reported anchors; bathymetric curve is unobserved)
711.0,512.341,512341195.0,SIMPLIFIED EMERGENCY-PLANNING BENCHMARK HYPSOMETRY (Monotonic power-law canyon model calibrated to 570m/740m/830m reported anchors; bathymetric curve is unobserved)
712.0,523.907,523906913.4,SIMPLIFIED EMERGENCY-PLANNING BENCHMARK HYPSOMETRY (Monotonic power-law canyon model calibrated to 570m/740m/830m reported anchors; bathymetric curve is unobserved)
713.0,535.65,535649800.3,SIMPLIFIED EMERGENCY-PLANNING BENCHMARK HYPSOMETRY (Monotonic power-law canyon model calibrated to 570m/740m/830m reported anchors; bathymetric curve is unobserved)
714.0,547.571,547571301.9,SIMPLIFIED EMERGENCY-PLANNING BENCHMARK HYPSOMETRY (Monotonic power-law canyon model calibrated to 570m/740m/830m reported anchors; bathymetric curve is unobserved)
715.0,559.673,559672866.6,SIMPLIFIED EMERGENCY-PLANNING BENCHMARK HYPSOMETRY (Monotonic power-law canyon model calibrated to 570m/740m/830m reported anchors; bathymetric curve is unobserved)
716.0,571.956,571955943.9,SIMPLIFIED EMERGENCY-PLANNING BENCHMARK HYPSOMETRY (Monotonic power-law canyon model calibrated to 570m/740m/830m reported anchors; bathymetric curve is unobserved)
717.0,584.422,584421985.3,SIMPLIFIED EMERGENCY-PLANNING BENCHMARK HYPSOMETRY (Monotonic power-law canyon model calibrated to 570m/740m/830m reported anchors; bathymetric curve is unobserved)
718.0,597.072,597072443.5,SIMPLIFIED EMERGENCY-PLANNING BENCHMARK HYPSOMETRY (Monotonic power-law canyon model calibrated to 570m/740m/830m reported anchors; bathymetric curve is unobserved)
719.0,609.909,609908772.9,SIMPLIFIED EMERGENCY-PLANNING BENCHMARK HYPSOMETRY (Monotonic power-law canyon model calibrated to 570m/740m/830m reported anchors; bathymetric curve is unobserved)
720.0,622.932,622932429.7,SIMPLIFIED EMERGENCY-PLANNING BENCHMARK HYPSOMETRY (Monotonic power-law canyon model calibrated to 570m/740m/830m reported anchors; bathymetric curve is unobserved)
721.0,636.145,636144871.4,SIMPLIFIED EMERGENCY-PLANNING BENCHMARK HYPSOMETRY (Monotonic power-law canyon model calibrated to 570m/740m/830m reported anchors; bathymetric curve is unobserved)
722.0,649.548,649547556.9,SIMPLIFIED EMERGENCY-PLANNING BENCHMARK HYPSOMETRY (Monotonic power-law canyon model calibrated to 570m/740m/830m reported anchors; bathymetric curve is unobserved)
723.0,663.142,663141947.1,SIMPLIFIED EMERGENCY-PLANNING BENCHMARK HYPSOMETRY (Monotonic power-law canyon model calibrated to 570m/740m/830m reported anchors; bathymetric curve is unobserved)
724.0,676.93,676929504.0,SIMPLIFIED EMERGENCY-PLANNING BENCHMARK HYPSOMETRY (Monotonic power-law canyon model calibrated to 570m/740m/830m reported anchors; bathymetric curve is unobserved)
725.0,690.912,690911691.3,SIMPLIFIED EMERGENCY-PLANNING BENCHMARK HYPSOMETRY (Monotonic power-law canyon model calibrated to 570m/740m/830m reported anchors; bathymetric curve is unobserved)
726.0,705.09,705089974.2,SIMPLIFIED EMERGENCY-PLANNING BENCHMARK HYPSOMETRY (Monotonic power-law canyon model calibrated to 570m/740m/830m reported anchors; bathymetric curve is unobserved)
727.0,719.466,719465819.4,SIMPLIFIED EMERGENCY-PLANNING BENCHMARK HYPSOMETRY (Monotonic power-law canyon model calibrated to 570m/740m/830m reported anchors; bathymetric curve is unobserved)
728.0,734.041,734040695.0,SIMPLIFIED EMERGENCY-PLANNING BENCHMARK HYPSOMETRY (Monotonic power-law canyon model calibrated to 570m/740m/830m reported anchors; bathymetric curve is unobserved)
729.0,748.816,748816070.8,SIMPLIFIED EMERGENCY-PLANNING BENCHMARK HYPSOMETRY (Monotonic power-law canyon model calibrated to 570m/740m/830m reported anchors; bathymetric curve is unobserved)
730.0,763.793,763793417.9,SIMPLIFIED EMERGENCY-PLANNING BENCHMARK HYPSOMETRY (Monotonic power-law canyon model calibrated to 570m/740m/830m reported anchors; bathymetric curve is unobserved)
731.0,778.974,778974208.8,SIMPLIFIED EMERGENCY-PLANNING BENCHMARK HYPSOMETRY (Monotonic power-law canyon model calibrated to 570m/740m/830m reported anchors; bathymetric curve is unobserved)
732.0,794.36,794359917.7,SIMPLIFIED EMERGENCY-PLANNING BENCHMARK HYPSOMETRY (Monotonic power-law canyon model calibrated to 570m/740m/830m reported anchors; bathymetric curve is unobserved)
733.0,809.952,809952020.0,SIMPLIFIED EMERGENCY-PLANNING BENCHMARK HYPSOMETRY (Monotonic power-law canyon model calibrated to 570m/740m/830m reported anchors; bathymetric curve is unobserved)
734.0,825.752,825751992.8,SIMPLIFIED EMERGENCY-PLANNING BENCHMARK HYPSOMETRY (Monotonic power-law canyon model calibrated to 570m/740m/830m reported anchors; bathymetric curve is unobserved)
735.0,841.761,841761314.5,SIMPLIFIED EMERGENCY-PLANNING BENCHMARK HYPSOMETRY (Monotonic power-law canyon model calibrated to 570m/740m/830m reported anchors; bathymetric curve is unobserved)
736.0,857.981,857981464.9,SIMPLIFIED EMERGENCY-PLANNING BENCHMARK HYPSOMETRY (Monotonic power-law canyon model calibrated to 570m/740m/830m reported anchors; bathymetric curve is unobserved)
737.0,874.414,874413925.2,SIMPLIFIED EMERGENCY-PLANNING BENCHMARK HYPSOMETRY (Monotonic power-law canyon model calibrated to 570m/740m/830m reported anchors; bathymetric curve is unobserved)
738.0,891.06,891060178.2,SIMPLIFIED EMERGENCY-PLANNING BENCHMARK HYPSOMETRY (Monotonic power-law canyon model calibrated to 570m/740m/830m reported anchors; bathymetric curve is unobserved)
739.0,907.922,907921708.0,SIMPLIFIED EMERGENCY-PLANNING BENCHMARK HYPSOMETRY (Monotonic power-law canyon model calibrated to 570m/740m/830m reported anchors; bathymetric curve is unobserved)
740.0,925.0,925000000.0,SIMPLIFIED EMERGENCY-PLANNING BENCHMARK HYPSOMETRY (Monotonic power-law canyon model calibrated to 570m/740m/830m reported anchors; bathymetric curve is unobserved)
741.0,942.297,942296541.1,SIMPLIFIED EMERGENCY-PLANNING BENCHMARK HYPSOMETRY (Monotonic power-law canyon model calibrated to 570m/740m/830m reported anchors; bathymetric curve is unobserved)
742.0,959.813,959812819.7,SIMPLIFIED EMERGENCY-PLANNING BENCHMARK HYPSOMETRY (Monotonic power-law canyon model calibrated to 570m/740m/830m reported anchors; bathymetric curve is unobserved)
743.0,977.55,977550325.4,SIMPLIFIED EMERGENCY-PLANNING BENCHMARK HYPSOMETRY (Monotonic power-law canyon model calibrated to 570m/740m/830m reported anchors; bathymetric curve is unobserved)
744.0,995.511,995510549.2,SIMPLIFIED EMERGENCY-PLANNING BENCHMARK HYPSOMETRY (Monotonic power-law canyon model calibrated to 570m/740m/830m reported anchors; bathymetric curve is unobserved)
745.0,1013.695,1013694983.5,SIMPLIFIED EMERGENCY-PLANNING BENCHMARK HYPSOMETRY (Monotonic power-law canyon model calibrated to 570m/740m/830m reported anchors; bathymetric curve is unobserved)
746.0,1032.105,1032105122.1,SIMPLIFIED EMERGENCY-PLANNING BENCHMARK HYPSOMETRY (Monotonic power-law canyon model calibrated to 570m/740m/830m reported anchors; bathymetric curve is unobserved)
747.0,1050.742,1050742460.1,SIMPLIFIED EMERGENCY-PLANNING BENCHMARK HYPSOMETRY (Monotonic power-law canyon model calibrated to 570m/740m/830m reported anchors; bathymetric curve is unobserved)
748.0,1069.608,1069608494.1,SIMPLIFIED EMERGENCY-PLANNING BENCHMARK HYPSOMETRY (Monotonic power-law canyon model calibrated to 570m/740m/830m reported anchors; bathymetric curve is unobserved)
749.0,1088.705,1088704721.8,SIMPLIFIED EMERGENCY-PLANNING BENCHMARK HYPSOMETRY (Monotonic power-law canyon model calibrated to 570m/740m/830m reported anchors; bathymetric curve is unobserved)
750.0,1108.033,1108032642.3,SIMPLIFIED EMERGENCY-PLANNING BENCHMARK HYPSOMETRY (Monotonic power-law canyon model calibrated to 570m/740m/830m reported anchors; bathymetric curve is unobserved)
751.0,1127.594,1127593756.2,SIMPLIFIED EMERGENCY-PLANNING BENCHMARK HYPSOMETRY (Monotonic power-law canyon model calibrated to 570m/740m/830m reported anchors; bathymetric curve is unobserved)
752.0,1147.39,1147389565.3,SIMPLIFIED EMERGENCY-PLANNING BENCHMARK HYPSOMETRY (Monotonic power-law canyon model calibrated to 570m/740m/830m reported anchors; bathymetric curve is unobserved)
753.0,1167.422,1167421572.6,SIMPLIFIED EMERGENCY-PLANNING BENCHMARK HYPSOMETRY (Monotonic power-law canyon model calibrated to 570m/740m/830m reported anchors; bathymetric curve is unobserved)
754.0,1187.691,1187691282.7,SIMPLIFIED EMERGENCY-PLANNING BENCHMARK HYPSOMETRY (Monotonic power-law canyon model calibrated to 570m/740m/830m reported anchors; bathymetric curve is unobserved)
755.0,1208.2,1208200201.2,SIMPLIFIED EMERGENCY-PLANNING BENCHMARK HYPSOMETRY (Monotonic power-law canyon model calibrated to 570m/740m/830m reported anchors; bathymetric curve is unobserved)
756.0,1228.95,1228949835.3,SIMPLIFIED EMERGENCY-PLANNING BENCHMARK HYPSOMETRY (Monotonic power-law canyon model calibrated to 570m/740m/830m reported anchors; bathymetric curve is unobserved)
757.0,1249.942,1249941693.1,SIMPLIFIED EMERGENCY-PLANNING BENCHMARK HYPSOMETRY (Monotonic power-law canyon model calibrated to 570m/740m/830m reported anchors; bathymetric curve is unobserved)
758.0,1271.177,1271177284.5,SIMPLIFIED EMERGENCY-PLANNING BENCHMARK HYPSOMETRY (Monotonic power-law canyon model calibrated to 570m/740m/830m reported anchors; bathymetric curve is unobserved)
759.0,1292.658,1292658120.2,SIMPLIFIED EMERGENCY-PLANNING BENCHMARK HYPSOMETRY (Monotonic power-law canyon model calibrated to 570m/740m/830m reported anchors; bathymetric curve is unobserved)
760.0,1314.386,1314385712.4,SIMPLIFIED EMERGENCY-PLANNING BENCHMARK HYPSOMETRY (Monotonic power-law canyon model calibrated to 570m/740m/830m reported anchors; bathymetric curve is unobserved)
761.0,1336.362,1336361574.7,SIMPLIFIED EMERGENCY-PLANNING BENCHMARK HYPSOMETRY (Monotonic power-law canyon model calibrated to 570m/740m/830m reported anchors; bathymetric curve is unobserved)
762.0,1358.587,1358587221.6,SIMPLIFIED EMERGENCY-PLANNING BENCHMARK HYPSOMETRY (Monotonic power-law canyon model calibrated to 570m/740m/830m reported anchors; bathymetric curve is unobserved)
763.0,1381.064,1381064169.3,SIMPLIFIED EMERGENCY-PLANNING BENCHMARK HYPSOMETRY (Monotonic power-law canyon model calibrated to 570m/740m/830m reported anchors; bathymetric curve is unobserved)
764.0,1403.794,1403793934.8,SIMPLIFIED EMERGENCY-PLANNING BENCHMARK HYPSOMETRY (Monotonic power-law canyon model calibrated to 570m/740m/830m reported anchors; bathymetric curve is unobserved)
765.0,1426.778,1426778036.8,SIMPLIFIED EMERGENCY-PLANNING BENCHMARK HYPSOMETRY (Monotonic power-law canyon model calibrated to 570m/740m/830m reported anchors; bathymetric curve is unobserved)
766.0,1450.018,1450017994.8,SIMPLIFIED EMERGENCY-PLANNING BENCHMARK HYPSOMETRY (Monotonic power-law canyon model calibrated to 570m/740m/830m reported anchors; bathymetric curve is unobserved)
767.0,1473.515,1473515329.9,SIMPLIFIED EMERGENCY-PLANNING BENCHMARK HYPSOMETRY (Monotonic power-law canyon model calibrated to 570m/740m/830m reported anchors; bathymetric curve is unobserved)
768.0,1497.272,1497271564.3,SIMPLIFIED EMERGENCY-PLANNING BENCHMARK HYPSOMETRY (Monotonic power-law canyon model calibrated to 570m/740m/830m reported anchors; bathymetric curve is unobserved)
769.0,1521.288,1521288221.3,SIMPLIFIED EMERGENCY-PLANNING BENCHMARK HYPSOMETRY (Monotonic power-law canyon model calibrated to 570m/740m/830m reported anchors; bathymetric curve is unobserved)
770.0,1545.567,1545566825.7,SIMPLIFIED EMERGENCY-PLANNING BENCHMARK HYPSOMETRY (Monotonic power-law canyon model calibrated to 570m/740m/830m reported anchors; bathymetric curve is unobserved)
771.0,1570.109,1570108903.2,SIMPLIFIED EMERGENCY-PLANNING BENCHMARK HYPSOMETRY (Monotonic power-law canyon model calibrated to 570m/740m/830m reported anchors; bathymetric curve is unobserved)
772.0,1594.916,1594915980.9,SIMPLIFIED EMERGENCY-PLANNING BENCHMARK HYPSOMETRY (Monotonic power-law canyon model calibrated to 570m/740m/830m reported anchors; bathymetric curve is unobserved)
773.0,1619.99,1619989587.2,SIMPLIFIED EMERGENCY-PLANNING BENCHMARK HYPSOMETRY (Monotonic power-law canyon model calibrated to 570m/740m/830m reported anchors; bathymetric curve is unobserved)
774.0,1645.331,1645331251.4,SIMPLIFIED EMERGENCY-PLANNING BENCHMARK HYPSOMETRY (Monotonic power-law canyon model calibrated to 570m/740m/830m reported anchors; bathymetric curve is unobserved)
775.0,1670.943,1670942504.2,SIMPLIFIED EMERGENCY-PLANNING BENCHMARK HYPSOMETRY (Monotonic power-law canyon model calibrated to 570m/740m/830m reported anchors; bathymetric curve is unobserved)
776.0,1696.825,1696824877.6,SIMPLIFIED EMERGENCY-PLANNING BENCHMARK HYPSOMETRY (Monotonic power-law canyon model calibrated to 570m/740m/830m reported anchors; bathymetric curve is unobserved)
777.0,1722.98,1722979904.5,SIMPLIFIED EMERGENCY-PLANNING BENCHMARK HYPSOMETRY (Monotonic power-law canyon model calibrated to 570m/740m/830m reported anchors; bathymetric curve is unobserved)
778.0,1749.409,1749409119.2,SIMPLIFIED EMERGENCY-PLANNING BENCHMARK HYPSOMETRY (Monotonic power-law canyon model calibrated to 570m/740m/830m reported anchors; bathymetric curve is unobserved)
779.0,1776.114,1776114057.1,SIMPLIFIED EMERGENCY-PLANNING BENCHMARK HYPSOMETRY (Monotonic power-law canyon model calibrated to 570m/740m/830m reported anchors; bathymetric curve is unobserved)
780.0,1803.096,1803096254.8,SIMPLIFIED EMERGENCY-PLANNING BENCHMARK HYPSOMETRY (Monotonic power-law canyon model calibrated to 570m/740m/830m reported anchors; bathymetric curve is unobserved)
781.0,1830.357,1830357250.0,SIMPLIFIED EMERGENCY-PLANNING BENCHMARK HYPSOMETRY (Monotonic power-law canyon model calibrated to 570m/740m/830m reported anchors; bathymetric curve is unobserved)
782.0,1857.899,1857898581.5,SIMPLIFIED EMERGENCY-PLANNING BENCHMARK HYPSOMETRY (Monotonic power-law canyon model calibrated to 570m/740m/830m reported anchors; bathymetric curve is unobserved)
783.0,1885.722,1885721789.6,SIMPLIFIED EMERGENCY-PLANNING BENCHMARK HYPSOMETRY (Monotonic power-law canyon model calibrated to 570m/740m/830m reported anchors; bathymetric curve is unobserved)
784.0,1913.828,1913828415.4,SIMPLIFIED EMERGENCY-PLANNING BENCHMARK HYPSOMETRY (Monotonic power-law canyon model calibrated to 570m/740m/830m reported anchors; bathymetric curve is unobserved)
785.0,1942.22,1942220001.3,SIMPLIFIED EMERGENCY-PLANNING BENCHMARK HYPSOMETRY (Monotonic power-law canyon model calibrated to 570m/740m/830m reported anchors; bathymetric curve is unobserved)
786.0,1970.898,1970898090.7,SIMPLIFIED EMERGENCY-PLANNING BENCHMARK HYPSOMETRY (Monotonic power-law canyon model calibrated to 570m/740m/830m reported anchors; bathymetric curve is unobserved)
787.0,1999.864,1999864228.4,SIMPLIFIED EMERGENCY-PLANNING BENCHMARK HYPSOMETRY (Monotonic power-law canyon model calibrated to 570m/740m/830m reported anchors; bathymetric curve is unobserved)
788.0,2029.12,2029119960.2,SIMPLIFIED EMERGENCY-PLANNING BENCHMARK HYPSOMETRY (Monotonic power-law canyon model calibrated to 570m/740m/830m reported anchors; bathymetric curve is unobserved)
789.0,2058.667,2058666832.9,SIMPLIFIED EMERGENCY-PLANNING BENCHMARK HYPSOMETRY (Monotonic power-law canyon model calibrated to 570m/740m/830m reported anchors; bathymetric curve is unobserved)
790.0,2088.506,2088506394.5,SIMPLIFIED EMERGENCY-PLANNING BENCHMARK HYPSOMETRY (Monotonic power-law canyon model calibrated to 570m/740m/830m reported anchors; bathymetric curve is unobserved)
791.0,2118.64,2118640194.4,SIMPLIFIED EMERGENCY-PLANNING BENCHMARK HYPSOMETRY (Monotonic power-law canyon model calibrated to 570m/740m/830m reported anchors; bathymetric curve is unobserved)
792.0,2149.07,2149069782.7,SIMPLIFIED EMERGENCY-PLANNING BENCHMARK HYPSOMETRY (Monotonic power-law canyon model calibrated to 570m/740m/830m reported anchors; bathymetric curve is unobserved)
793.0,2179.797,2179796710.9,SIMPLIFIED EMERGENCY-PLANNING BENCHMARK HYPSOMETRY (Monotonic power-law canyon model calibrated to 570m/740m/830m reported anchors; bathymetric curve is unobserved)
794.0,2210.823,2210822531.4,SIMPLIFIED EMERGENCY-PLANNING BENCHMARK HYPSOMETRY (Monotonic power-law canyon model calibrated to 570m/740m/830m reported anchors; bathymetric curve is unobserved)
795.0,2242.149,2242148797.9,SIMPLIFIED EMERGENCY-PLANNING BENCHMARK HYPSOMETRY (Monotonic power-law canyon model calibrated to 570m/740m/830m reported anchors; bathymetric curve is unobserved)
796.0,2273.777,2273777065.1,SIMPLIFIED EMERGENCY-PLANNING BENCHMARK HYPSOMETRY (Monotonic power-law canyon model calibrated to 570m/740m/830m reported anchors; bathymetric curve is unobserved)
797.0,2305.709,2305708888.8,SIMPLIFIED EMERGENCY-PLANNING BENCHMARK HYPSOMETRY (Monotonic power-law canyon model calibrated to 570m/740m/830m reported anchors; bathymetric curve is unobserved)
798.0,2337.946,2337945826.0,SIMPLIFIED EMERGENCY-PLANNING BENCHMARK HYPSOMETRY (Monotonic power-law canyon model calibrated to 570m/740m/830m reported anchors; bathymetric curve is unobserved)
799.0,2370.489,2370489434.6,SIMPLIFIED EMERGENCY-PLANNING BENCHMARK HYPSOMETRY (Monotonic power-law canyon model calibrated to 570m/740m/830m reported anchors; bathymetric curve is unobserved)
800.0,2403.341,2403341273.6,SIMPLIFIED EMERGENCY-PLANNING BENCHMARK HYPSOMETRY (Monotonic power-law canyon model calibrated to 570m/740m/830m reported anchors; bathymetric curve is unobserved)
801.0,2436.503,2436502903.3,SIMPLIFIED EMERGENCY-PLANNING BENCHMARK HYPSOMETRY (Monotonic power-law canyon model calibrated to 570m/740m/830m reported anchors; bathymetric curve is unobserved)
802.0,2469.976,2469975885.0,SIMPLIFIED EMERGENCY-PLANNING BENCHMARK HYPSOMETRY (Monotonic power-law canyon model calibrated to 570m/740m/830m reported anchors; bathymetric curve is unobserved)
803.0,2503.762,2503761780.8,SIMPLIFIED EMERGENCY-PLANNING BENCHMARK HYPSOMETRY (Monotonic power-law canyon model calibrated to 570m/740m/830m reported anchors; bathymetric curve is unobserved)
804.0,2537.862,2537862154.2,SIMPLIFIED EMERGENCY-PLANNING BENCHMARK HYPSOMETRY (Monotonic power-law canyon model calibrated to 570m/740m/830m reported anchors; bathymetric curve is unobserved)
805.0,2572.279,2572278569.7,SIMPLIFIED EMERGENCY-PLANNING BENCHMARK HYPSOMETRY (Monotonic power-law canyon model calibrated to 570m/740m/830m reported anchors; bathymetric curve is unobserved)
806.0,2607.013,2607012592.7,SIMPLIFIED EMERGENCY-PLANNING BENCHMARK HYPSOMETRY (Monotonic power-law canyon model calibrated to 570m/740m/830m reported anchors; bathymetric curve is unobserved)
807.0,2642.066,2642065789.9,SIMPLIFIED EMERGENCY-PLANNING BENCHMARK HYPSOMETRY (Monotonic power-law canyon model calibrated to 570m/740m/830m reported anchors; bathymetric curve is unobserved)
808.0,2677.44,2677439728.8,SIMPLIFIED EMERGENCY-PLANNING BENCHMARK HYPSOMETRY (Monotonic power-law canyon model calibrated to 570m/740m/830m reported anchors; bathymetric curve is unobserved)
809.0,2713.136,2713135978.0,SIMPLIFIED EMERGENCY-PLANNING BENCHMARK HYPSOMETRY (Monotonic power-law canyon model calibrated to 570m/740m/830m reported anchors; bathymetric curve is unobserved)
810.0,2749.156,2749156107.5,SIMPLIFIED EMERGENCY-PLANNING BENCHMARK HYPSOMETRY (Monotonic power-law canyon model calibrated to 570m/740m/830m reported anchors; bathymetric curve is unobserved)
811.0,2785.502,2785501687.7,SIMPLIFIED EMERGENCY-PLANNING BENCHMARK HYPSOMETRY (Monotonic power-law canyon model calibrated to 570m/740m/830m reported anchors; bathymetric curve is unobserved)
812.0,2822.174,2822174290.7,SIMPLIFIED EMERGENCY-PLANNING BENCHMARK HYPSOMETRY (Monotonic power-law canyon model calibrated to 570m/740m/830m reported anchors; bathymetric curve is unobserved)
813.0,2859.175,2859175489.2,SIMPLIFIED EMERGENCY-PLANNING BENCHMARK HYPSOMETRY (Monotonic power-law canyon model calibrated to 570m/740m/830m reported anchors; bathymetric curve is unobserved)
814.0,2896.507,2896506857.1,SIMPLIFIED EMERGENCY-PLANNING BENCHMARK HYPSOMETRY (Monotonic power-law canyon model calibrated to 570m/740m/830m reported anchors; bathymetric curve is unobserved)
815.0,2934.17,2934169969.3,SIMPLIFIED EMERGENCY-PLANNING BENCHMARK HYPSOMETRY (Monotonic power-law canyon model calibrated to 570m/740m/830m reported anchors; bathymetric curve is unobserved)
816.0,2972.166,2972166401.6,SIMPLIFIED EMERGENCY-PLANNING BENCHMARK HYPSOMETRY (Monotonic power-law canyon model calibrated to 570m/740m/830m reported anchors; bathymetric curve is unobserved)
817.0,3010.498,3010497731.1,SIMPLIFIED EMERGENCY-PLANNING BENCHMARK HYPSOMETRY (Monotonic power-law canyon model calibrated to 570m/740m/830m reported anchors; bathymetric curve is unobserved)
818.0,3049.166,3049165535.7,SIMPLIFIED EMERGENCY-PLANNING BENCHMARK HYPSOMETRY (Monotonic power-law canyon model calibrated to 570m/740m/830m reported anchors; bathymetric curve is unobserved)
819.0,3088.171,3088171394.4,SIMPLIFIED EMERGENCY-PLANNING BENCHMARK HYPSOMETRY (Monotonic power-law canyon model calibrated to 570m/740m/830m reported anchors; bathymetric curve is unobserved)
820.0,3127.517,3127516887.1,SIMPLIFIED EMERGENCY-PLANNING BENCHMARK HYPSOMETRY (Monotonic power-law canyon model calibrated to 570m/740m/830m reported anchors; bathymetric curve is unobserved)
821.0,3167.204,3167203594.9,SIMPLIFIED EMERGENCY-PLANNING BENCHMARK HYPSOMETRY (Monotonic power-law canyon model calibrated to 570m/740m/830m reported anchors; bathymetric curve is unobserved)
822.0,3207.233,3207233099.7,SIMPLIFIED EMERGENCY-PLANNING BENCHMARK HYPSOMETRY (Monotonic power-law canyon model calibrated to 570m/740m/830m reported anchors; bathymetric curve is unobserved)
823.0,3247.607,3247606984.6,SIMPLIFIED EMERGENCY-PLANNING BENCHMARK HYPSOMETRY (Monotonic power-law canyon model calibrated to 570m/740m/830m reported anchors; bathymetric curve is unobserved)
824.0,3288.327,3288326833.5,SIMPLIFIED EMERGENCY-PLANNING BENCHMARK HYPSOMETRY (Monotonic power-law canyon model calibrated to 570m/740m/830m reported anchors; bathymetric curve is unobserved)
825.0,3329.394,3329394231.4,SIMPLIFIED EMERGENCY-PLANNING BENCHMARK HYPSOMETRY (Monotonic power-law canyon model calibrated to 570m/740m/830m reported anchors; bathymetric curve is unobserved)
826.0,3370.811,3370810764.3,SIMPLIFIED EMERGENCY-PLANNING BENCHMARK HYPSOMETRY (Monotonic power-law canyon model calibrated to 570m/740m/830m reported anchors; bathymetric curve is unobserved)
827.0,3412.578,3412578019.2,SIMPLIFIED EMERGENCY-PLANNING BENCHMARK HYPSOMETRY (Monotonic power-law canyon model calibrated to 570m/740m/830m reported anchors; bathymetric curve is unobserved)
828.0,3454.698,3454697584.0,SIMPLIFIED EMERGENCY-PLANNING BENCHMARK HYPSOMETRY (Monotonic power-law canyon model calibrated to 570m/740m/830m reported anchors; bathymetric curve is unobserved)
829.0,3497.171,3497171047.6,SIMPLIFIED EMERGENCY-PLANNING BENCHMARK HYPSOMETRY (Monotonic power-law canyon model calibrated to 570m/740m/830m reported anchors; bathymetric curve is unobserved)
830.0,3540.0,3540000000.0,SIMPLIFIED EMERGENCY-PLANNING BENCHMARK HYPSOMETRY (Monotonic power-law canyon model calibrated to 570m/740m/830m reported anchors; bathymetric curve is unobserved)
831.0,3583.186,3583186032.0,SIMPLIFIED EMERGENCY-PLANNING BENCHMARK HYPSOMETRY (Monotonic power-law canyon model calibrated to 570m/740m/830m reported anchors; bathymetric curve is unobserved)
832.0,3626.731,3626730735.6,SIMPLIFIED EMERGENCY-PLANNING BENCHMARK HYPSOMETRY (Monotonic power-law canyon model calibrated to 570m/740m/830m reported anchors; bathymetric curve is unobserved)
833.0,3670.636,3670635703.4,SIMPLIFIED EMERGENCY-PLANNING BENCHMARK HYPSOMETRY (Monotonic power-law canyon model calibrated to 570m/740m/830m reported anchors; bathymetric curve is unobserved)
834.0,3714.903,3714902529.4,SIMPLIFIED EMERGENCY-PLANNING BENCHMARK HYPSOMETRY (Monotonic power-law canyon model calibrated to 570m/740m/830m reported anchors; bathymetric curve is unobserved)
835.0,3759.533,3759532808.2,SIMPLIFIED EMERGENCY-PLANNING BENCHMARK HYPSOMETRY (Monotonic power-law canyon model calibrated to 570m/740m/830m reported anchors; bathymetric curve is unobserved)
836.0,3804.528,3804528135.5,SIMPLIFIED EMERGENCY-PLANNING BENCHMARK HYPSOMETRY (Monotonic power-law canyon model calibrated to 570m/740m/830m reported anchors; bathymetric curve is unobserved)
837.0,3849.89,3849890108.2,SIMPLIFIED EMERGENCY-PLANNING BENCHMARK HYPSOMETRY (Monotonic power-law canyon model calibrated to 570m/740m/830m reported anchors; bathymetric curve is unobserved)
838.0,3895.62,3895620323.6,SIMPLIFIED EMERGENCY-PLANNING BENCHMARK HYPSOMETRY (Monotonic power-law canyon model calibrated to 570m/740m/830m reported anchors; bathymetric curve is unobserved)
839.0,3941.72,3941720380.5,SIMPLIFIED EMERGENCY-PLANNING BENCHMARK HYPSOMETRY (Monotonic power-law canyon model calibrated to 570m/740m/830m reported anchors; bathymetric curve is unobserved)
840.0,3988.192,3988191878.3,SIMPLIFIED EMERGENCY-PLANNING BENCHMARK HYPSOMETRY (Monotonic power-law canyon model calibrated to 570m/740m/830m reported anchors; bathymetric curve is unobserved)
