timestamp,rainfall_mm,effective_rainfall_mm,quickflow_m3s,baseflow_m3s,bhagirathi_modelled_discharge_m3s,provenance
2024-07-25 00:00:00+00:00,0.005,0.0,0.0,395.69,395.69,CALIBRATED HYDROLOGIC INFLOW (Calibrated against CWC Tekhla gauge)
2024-07-25 01:00:00+00:00,0.104,0.036,0.0,391.53,391.53,CALIBRATED HYDROLOGIC INFLOW (Calibrated against CWC Tekhla gauge)
2024-07-25 02:00:00+00:00,0.142,0.062,0.51,387.49,388.01,CALIBRATED HYDROLOGIC INFLOW (Calibrated against CWC Tekhla gauge)
2024-07-25 03:00:00+00:00,0.267,0.146,1.73,383.62,385.35,CALIBRATED HYDROLOGIC INFLOW (Calibrated against CWC Tekhla gauge)
2024-07-25 04:00:00+00:00,0.303,0.17,4.64,379.86,384.5,CALIBRATED HYDROLOGIC INFLOW (Calibrated against CWC Tekhla gauge)
2024-07-25 05:00:00+00:00,0.43,0.255,9.06,376.25,385.31,CALIBRATED HYDROLOGIC INFLOW (Calibrated against CWC Tekhla gauge)
2024-07-25 06:00:00+00:00,0.29,0.161,15.79,372.67,388.46,CALIBRATED HYDROLOGIC INFLOW (Calibrated against CWC Tekhla gauge)
2024-07-25 07:00:00+00:00,0.213,0.109,22.81,369.16,391.96,CALIBRATED HYDROLOGIC INFLOW (Calibrated against CWC Tekhla gauge)
2024-07-25 08:00:00+00:00,0.158,0.072,29.4,365.71,395.1,CALIBRATED HYDROLOGIC INFLOW (Calibrated against CWC Tekhla gauge)
2024-07-25 09:00:00+00:00,0.243,0.13,35.17,362.38,397.55,CALIBRATED HYDROLOGIC INFLOW (Calibrated against CWC Tekhla gauge)
2024-07-25 10:00:00+00:00,0.174,0.083,41.12,359.12,400.24,CALIBRATED HYDROLOGIC INFLOW (Calibrated against CWC Tekhla gauge)
2024-07-25 11:00:00+00:00,0.667,0.414,46.45,356.15,402.59,CALIBRATED HYDROLOGIC INFLOW (Calibrated against CWC Tekhla gauge)
2024-07-25 12:00:00+00:00,0.404,0.238,55.97,353.14,409.11,CALIBRATED HYDROLOGIC INFLOW (Calibrated against CWC Tekhla gauge)
2024-07-25 13:00:00+00:00,0.064,0.009,65.72,350.06,415.78,CALIBRATED HYDROLOGIC INFLOW (Calibrated against CWC Tekhla gauge)
2024-07-25 14:00:00+00:00,0.064,0.009,72.52,347.07,419.59,CALIBRATED HYDROLOGIC INFLOW (Calibrated against CWC Tekhla gauge)
2024-07-25 15:00:00+00:00,0.104,0.036,77.32,344.17,421.49,CALIBRATED HYDROLOGIC INFLOW (Calibrated against CWC Tekhla gauge)
2024-07-25 16:00:00+00:00,0.196,0.098,80.92,341.38,422.31,CALIBRATED HYDROLOGIC INFLOW (Calibrated against CWC Tekhla gauge)
2024-07-25 17:00:00+00:00,0.22,0.114,84.4,338.68,423.08,CALIBRATED HYDROLOGIC INFLOW (Calibrated against CWC Tekhla gauge)
2024-07-25 18:00:00+00:00,0.27,0.148,87.86,336.07,423.93,CALIBRATED HYDROLOGIC INFLOW (Calibrated against CWC Tekhla gauge)
2024-07-25 19:00:00+00:00,0.339,0.194,91.7,333.55,425.26,CALIBRATED HYDROLOGIC INFLOW (Calibrated against CWC Tekhla gauge)
2024-07-25 20:00:00+00:00,0.308,0.173,96.4,331.09,427.5,CALIBRATED HYDROLOGIC INFLOW (Calibrated against CWC Tekhla gauge)
2024-07-25 21:00:00+00:00,0.192,0.095,101.35,328.64,430.0,CALIBRATED HYDROLOGIC INFLOW (Calibrated against CWC Tekhla gauge)
2024-07-25 22:00:00+00:00,0.146,0.064,105.37,326.24,431.61,CALIBRATED HYDROLOGIC INFLOW (Calibrated against CWC Tekhla gauge)
2024-07-25 23:00:00+00:00,0.156,0.071,108.29,323.9,432.19,CALIBRATED HYDROLOGIC INFLOW (Calibrated against CWC Tekhla gauge)
2024-07-26 00:00:00+00:00,0.104,0.036,110.48,321.6,432.08,CALIBRATED HYDROLOGIC INFLOW (Calibrated against CWC Tekhla gauge)
2024-07-26 01:00:00+00:00,0.032,0.0,111.57,319.33,430.9,CALIBRATED HYDROLOGIC INFLOW (Calibrated against CWC Tekhla gauge)
2024-07-26 02:00:00+00:00,0.041,0.0,111.32,317.12,428.44,CALIBRATED HYDROLOGIC INFLOW (Calibrated against CWC Tekhla gauge)
2024-07-26 03:00:00+00:00,0.008,0.0,110.08,314.96,425.03,CALIBRATED HYDROLOGIC INFLOW (Calibrated against CWC Tekhla gauge)
2024-07-26 04:00:00+00:00,0.03,0.0,108.06,312.86,420.91,CALIBRATED HYDROLOGIC INFLOW (Calibrated against CWC Tekhla gauge)
2024-07-26 05:00:00+00:00,0.118,0.046,105.43,310.85,416.28,CALIBRATED HYDROLOGIC INFLOW (Calibrated against CWC Tekhla gauge)
2024-07-26 06:00:00+00:00,0.168,0.079,103.0,308.91,411.91,CALIBRATED HYDROLOGIC INFLOW (Calibrated against CWC Tekhla gauge)
2024-07-26 07:00:00+00:00,0.25,0.134,101.13,307.06,408.19,CALIBRATED HYDROLOGIC INFLOW (Calibrated against CWC Tekhla gauge)
2024-07-26 08:00:00+00:00,0.296,0.165,100.44,305.28,405.72,CALIBRATED HYDROLOGIC INFLOW (Calibrated against CWC Tekhla gauge)
2024-07-26 09:00:00+00:00,0.248,0.133,101.01,303.52,404.54,CALIBRATED HYDROLOGIC INFLOW (Calibrated against CWC Tekhla gauge)
2024-07-26 10:00:00+00:00,0.337,0.193,102.07,301.85,403.92,CALIBRATED HYDROLOGIC INFLOW (Calibrated against CWC Tekhla gauge)
2024-07-26 11:00:00+00:00,0.299,0.167,104.38,300.2,404.59,CALIBRATED HYDROLOGIC INFLOW (Calibrated against CWC Tekhla gauge)
2024-07-26 12:00:00+00:00,0.255,0.138,107.22,298.58,405.8,CALIBRATED HYDROLOGIC INFLOW (Calibrated against CWC Tekhla gauge)
2024-07-26 13:00:00+00:00,0.061,0.007,110.06,296.92,406.98,CALIBRATED HYDROLOGIC INFLOW (Calibrated against CWC Tekhla gauge)
2024-07-26 14:00:00+00:00,0.061,0.007,111.09,295.3,406.39,CALIBRATED HYDROLOGIC INFLOW (Calibrated against CWC Tekhla gauge)
2024-07-26 15:00:00+00:00,0.123,0.049,110.9,293.75,404.64,CALIBRATED HYDROLOGIC INFLOW (Calibrated against CWC Tekhla gauge)
2024-07-26 16:00:00+00:00,0.208,0.106,110.35,292.27,402.63,CALIBRATED HYDROLOGIC INFLOW (Calibrated against CWC Tekhla gauge)
2024-07-26 17:00:00+00:00,0.29,0.161,110.29,290.87,401.17,CALIBRATED HYDROLOGIC INFLOW (Calibrated against CWC Tekhla gauge)
2024-07-26 18:00:00+00:00,0.387,0.226,111.3,289.55,400.84,CALIBRATED HYDROLOGIC INFLOW (Calibrated against CWC Tekhla gauge)
2024-07-26 19:00:00+00:00,0.56,0.342,113.95,288.33,402.28,CALIBRATED HYDROLOGIC INFLOW (Calibrated against CWC Tekhla gauge)
2024-07-26 20:00:00+00:00,0.898,0.569,119.4,287.29,406.69,CALIBRATED HYDROLOGIC INFLOW (Calibrated against CWC Tekhla gauge)
2024-07-26 21:00:00+00:00,1.32,0.852,130.04,286.46,416.49,CALIBRATED HYDROLOGIC INFLOW (Calibrated against CWC Tekhla gauge)
2024-07-26 22:00:00+00:00,1.684,1.097,148.3,285.8,434.1,CALIBRATED HYDROLOGIC INFLOW (Calibrated against CWC Tekhla gauge)
2024-07-26 23:00:00+00:00,1.556,1.011,175.41,285.1,460.51,CALIBRATED HYDROLOGIC INFLOW (Calibrated against CWC Tekhla gauge)
2024-07-27 00:00:00+00:00,0.95,0.604,207.59,284.17,491.76,CALIBRATED HYDROLOGIC INFLOW (Calibrated against CWC Tekhla gauge)
2024-07-27 01:00:00+00:00,0.078,0.019,237.83,282.88,520.71,CALIBRATED HYDROLOGIC INFLOW (Calibrated against CWC Tekhla gauge)
2024-07-27 02:00:00+00:00,0.071,0.014,258.63,281.63,540.26,CALIBRATED HYDROLOGIC INFLOW (Calibrated against CWC Tekhla gauge)
2024-07-27 03:00:00+00:00,0.114,0.043,272.75,280.43,553.18,CALIBRATED HYDROLOGIC INFLOW (Calibrated against CWC Tekhla gauge)
2024-07-27 04:00:00+00:00,0.238,0.126,282.05,279.31,561.37,CALIBRATED HYDROLOGIC INFLOW (Calibrated against CWC Tekhla gauge)
2024-07-27 05:00:00+00:00,0.611,0.377,288.63,278.38,567.01,CALIBRATED HYDROLOGIC INFLOW (Calibrated against CWC Tekhla gauge)
2024-07-27 06:00:00+00:00,0.828,0.522,296.39,277.57,573.96,CALIBRATED HYDROLOGIC INFLOW (Calibrated against CWC Tekhla gauge)
2024-07-27 07:00:00+00:00,0.929,0.59,306.63,276.82,583.45,CALIBRATED HYDROLOGIC INFLOW (Calibrated against CWC Tekhla gauge)
2024-07-27 08:00:00+00:00,0.675,0.42,319.38,275.98,595.36,CALIBRATED HYDROLOGIC INFLOW (Calibrated against CWC Tekhla gauge)
2024-07-27 09:00:00+00:00,0.839,0.53,331.4,275.24,606.64,CALIBRATED HYDROLOGIC INFLOW (Calibrated against CWC Tekhla gauge)
2024-07-27 10:00:00+00:00,0.672,0.417,344.52,274.44,618.96,CALIBRATED HYDROLOGIC INFLOW (Calibrated against CWC Tekhla gauge)
2024-07-27 11:00:00+00:00,1.023,0.653,356.66,273.81,630.47,CALIBRATED HYDROLOGIC INFLOW (Calibrated against CWC Tekhla gauge)
2024-07-27 12:00:00+00:00,0.505,0.305,371.4,272.98,644.38,CALIBRATED HYDROLOGIC INFLOW (Calibrated against CWC Tekhla gauge)
2024-07-27 13:00:00+00:00,0.05,0.0,382.78,271.97,654.75,CALIBRATED HYDROLOGIC INFLOW (Calibrated against CWC Tekhla gauge)
2024-07-27 14:00:00+00:00,0.102,0.035,387.57,271.02,658.59,CALIBRATED HYDROLOGIC INFLOW (Calibrated against CWC Tekhla gauge)
2024-07-27 15:00:00+00:00,0.046,0.0,388.14,270.06,658.2,CALIBRATED HYDROLOGIC INFLOW (Calibrated against CWC Tekhla gauge)
2024-07-27 16:00:00+00:00,0.197,0.099,384.89,269.2,654.08,CALIBRATED HYDROLOGIC INFLOW (Calibrated against CWC Tekhla gauge)
2024-07-27 17:00:00+00:00,0.754,0.473,380.09,268.59,648.68,CALIBRATED HYDROLOGIC INFLOW (Calibrated against CWC Tekhla gauge)
2024-07-27 18:00:00+00:00,0.912,0.579,379.25,268.06,647.31,CALIBRATED HYDROLOGIC INFLOW (Calibrated against CWC Tekhla gauge)
2024-07-27 19:00:00+00:00,0.648,0.401,382.4,267.44,649.84,CALIBRATED HYDROLOGIC INFLOW (Calibrated against CWC Tekhla gauge)
2024-07-27 20:00:00+00:00,0.403,0.237,385.9,266.73,652.63,CALIBRATED HYDROLOGIC INFLOW (Calibrated against CWC Tekhla gauge)
2024-07-27 21:00:00+00:00,0.133,0.056,387.52,265.92,653.45,CALIBRATED HYDROLOGIC INFLOW (Calibrated against CWC Tekhla gauge)
2024-07-27 22:00:00+00:00,0.039,0.0,385.37,265.1,650.47,CALIBRATED HYDROLOGIC INFLOW (Calibrated against CWC Tekhla gauge)
2024-07-27 23:00:00+00:00,0.022,0.0,379.79,264.28,644.08,CALIBRATED HYDROLOGIC INFLOW (Calibrated against CWC Tekhla gauge)
2024-07-28 00:00:00+00:00,0.011,0.0,371.69,263.49,635.18,CALIBRATED HYDROLOGIC INFLOW (Calibrated against CWC Tekhla gauge)
2024-07-28 01:00:00+00:00,0.033,0.0,361.68,262.72,624.41,CALIBRATED HYDROLOGIC INFLOW (Calibrated against CWC Tekhla gauge)
2024-07-28 02:00:00+00:00,0.0,0.0,350.26,261.96,612.22,CALIBRATED HYDROLOGIC INFLOW (Calibrated against CWC Tekhla gauge)
2024-07-28 03:00:00+00:00,0.023,0.0,337.8,261.23,599.03,CALIBRATED HYDROLOGIC INFLOW (Calibrated against CWC Tekhla gauge)
2024-07-28 04:00:00+00:00,0.076,0.017,324.61,260.54,585.15,CALIBRATED HYDROLOGIC INFLOW (Calibrated against CWC Tekhla gauge)
2024-07-28 05:00:00+00:00,0.12,0.047,311.21,259.89,571.1,CALIBRATED HYDROLOGIC INFLOW (Calibrated against CWC Tekhla gauge)
2024-07-28 06:00:00+00:00,0.363,0.21,298.15,259.36,557.5,CALIBRATED HYDROLOGIC INFLOW (Calibrated against CWC Tekhla gauge)
2024-07-28 07:00:00+00:00,0.468,0.281,287.71,258.88,546.59,CALIBRATED HYDROLOGIC INFLOW (Calibrated against CWC Tekhla gauge)
2024-07-28 08:00:00+00:00,0.755,0.473,280.19,258.54,538.73,CALIBRATED HYDROLOGIC INFLOW (Calibrated against CWC Tekhla gauge)
2024-07-28 09:00:00+00:00,0.96,0.611,277.61,258.3,535.91,CALIBRATED HYDROLOGIC INFLOW (Calibrated against CWC Tekhla gauge)
2024-07-28 10:00:00+00:00,0.8,0.503,280.6,257.99,538.59,CALIBRATED HYDROLOGIC INFLOW (Calibrated against CWC Tekhla gauge)
2024-07-28 11:00:00+00:00,0.426,0.252,286.19,257.54,543.73,CALIBRATED HYDROLOGIC INFLOW (Calibrated against CWC Tekhla gauge)
2024-07-28 12:00:00+00:00,0.254,0.137,290.38,257.02,547.4,CALIBRATED HYDROLOGIC INFLOW (Calibrated against CWC Tekhla gauge)
2024-07-28 13:00:00+00:00,0.031,0.0,292.22,256.42,548.63,CALIBRATED HYDROLOGIC INFLOW (Calibrated against CWC Tekhla gauge)
2024-07-28 14:00:00+00:00,0.012,0.0,290.5,255.83,546.33,CALIBRATED HYDROLOGIC INFLOW (Calibrated against CWC Tekhla gauge)
2024-07-28 15:00:00+00:00,0.006,0.0,286.28,255.25,541.53,CALIBRATED HYDROLOGIC INFLOW (Calibrated against CWC Tekhla gauge)
2024-07-28 16:00:00+00:00,0.008,0.0,280.15,254.68,534.83,CALIBRATED HYDROLOGIC INFLOW (Calibrated against CWC Tekhla gauge)
2024-07-28 17:00:00+00:00,0.044,0.0,272.58,254.15,526.73,CALIBRATED HYDROLOGIC INFLOW (Calibrated against CWC Tekhla gauge)
2024-07-28 18:00:00+00:00,0.104,0.036,263.94,253.66,517.59,CALIBRATED HYDROLOGIC INFLOW (Calibrated against CWC Tekhla gauge)
2024-07-28 19:00:00+00:00,0.149,0.066,255.02,253.19,508.22,CALIBRATED HYDROLOGIC INFLOW (Calibrated against CWC Tekhla gauge)
2024-07-28 20:00:00+00:00,0.227,0.119,246.34,252.78,499.12,CALIBRATED HYDROLOGIC INFLOW (Calibrated against CWC Tekhla gauge)
2024-07-28 21:00:00+00:00,0.276,0.152,238.6,252.39,490.99,CALIBRATED HYDROLOGIC INFLOW (Calibrated against CWC Tekhla gauge)
2024-07-28 22:00:00+00:00,0.238,0.126,232.04,252.0,484.04,CALIBRATED HYDROLOGIC INFLOW (Calibrated against CWC Tekhla gauge)
2024-07-28 23:00:00+00:00,0.342,0.196,226.04,251.66,477.7,CALIBRATED HYDROLOGIC INFLOW (Calibrated against CWC Tekhla gauge)
2024-07-29 00:00:00+00:00,0.112,0.042,221.56,251.24,472.8,CALIBRATED HYDROLOGIC INFLOW (Calibrated against CWC Tekhla gauge)
2024-07-29 01:00:00+00:00,0.0,0.0,216.04,250.77,466.81,CALIBRATED HYDROLOGIC INFLOW (Calibrated against CWC Tekhla gauge)
2024-07-29 02:00:00+00:00,0.0,0.0,209.38,250.32,459.7,CALIBRATED HYDROLOGIC INFLOW (Calibrated against CWC Tekhla gauge)
2024-07-29 03:00:00+00:00,0.0,0.0,201.99,249.88,451.87,CALIBRATED HYDROLOGIC INFLOW (Calibrated against CWC Tekhla gauge)
2024-07-29 04:00:00+00:00,0.05,0.0,194.11,249.48,443.59,CALIBRATED HYDROLOGIC INFLOW (Calibrated against CWC Tekhla gauge)
2024-07-29 05:00:00+00:00,0.116,0.044,185.93,249.11,435.04,CALIBRATED HYDROLOGIC INFLOW (Calibrated against CWC Tekhla gauge)
2024-07-29 06:00:00+00:00,0.222,0.115,178.21,248.79,427.0,CALIBRATED HYDROLOGIC INFLOW (Calibrated against CWC Tekhla gauge)
2024-07-29 07:00:00+00:00,0.216,0.111,171.86,248.49,420.35,CALIBRATED HYDROLOGIC INFLOW (Calibrated against CWC Tekhla gauge)
2024-07-29 08:00:00+00:00,0.396,0.232,166.48,248.26,414.74,CALIBRATED HYDROLOGIC INFLOW (Calibrated against CWC Tekhla gauge)
2024-07-29 09:00:00+00:00,0.448,0.267,163.61,248.07,411.68,CALIBRATED HYDROLOGIC INFLOW (Calibrated against CWC Tekhla gauge)
2024-07-29 10:00:00+00:00,0.622,0.384,163.07,247.95,411.03,CALIBRATED HYDROLOGIC INFLOW (Calibrated against CWC Tekhla gauge)
2024-07-29 11:00:00+00:00,0.391,0.229,165.95,247.74,413.69,CALIBRATED HYDROLOGIC INFLOW (Calibrated against CWC Tekhla gauge)
2024-07-29 12:00:00+00:00,0.446,0.266,169.13,247.56,416.69,CALIBRATED HYDROLOGIC INFLOW (Calibrated against CWC Tekhla gauge)
2024-07-29 13:00:00+00:00,0.088,0.026,173.26,247.23,420.49,CALIBRATED HYDROLOGIC INFLOW (Calibrated against CWC Tekhla gauge)
2024-07-29 14:00:00+00:00,0.044,0.0,174.7,246.89,421.58,CALIBRATED HYDROLOGIC INFLOW (Calibrated against CWC Tekhla gauge)
2024-07-29 15:00:00+00:00,0.094,0.03,174.01,246.58,420.59,CALIBRATED HYDROLOGIC INFLOW (Calibrated against CWC Tekhla gauge)
2024-07-29 16:00:00+00:00,0.192,0.095,172.18,246.32,418.5,CALIBRATED HYDROLOGIC INFLOW (Calibrated against CWC Tekhla gauge)
2024-07-29 17:00:00+00:00,0.182,0.089,170.37,246.06,416.43,CALIBRATED HYDROLOGIC INFLOW (Calibrated against CWC Tekhla gauge)
2024-07-29 18:00:00+00:00,0.568,0.348,168.39,245.97,414.36,CALIBRATED HYDROLOGIC INFLOW (Calibrated against CWC Tekhla gauge)
2024-07-29 19:00:00+00:00,1.383,0.895,169.96,246.23,416.19,CALIBRATED HYDROLOGIC INFLOW (Calibrated against CWC Tekhla gauge)
2024-07-29 20:00:00+00:00,2.115,1.386,181.65,246.8,428.45,CALIBRATED HYDROLOGIC INFLOW (Calibrated against CWC Tekhla gauge)
2024-07-29 21:00:00+00:00,2.327,1.528,207.29,247.44,454.73,CALIBRATED HYDROLOGIC INFLOW (Calibrated against CWC Tekhla gauge)
2024-07-29 22:00:00+00:00,1.708,1.113,244.84,247.81,492.64,CALIBRATED HYDROLOGIC INFLOW (Calibrated against CWC Tekhla gauge)
2024-07-29 23:00:00+00:00,1.317,0.85,285.24,247.99,533.23,CALIBRATED HYDROLOGIC INFLOW (Calibrated against CWC Tekhla gauge)
2024-07-30 00:00:00+00:00,0.443,0.264,324.43,247.8,572.23,CALIBRATED HYDROLOGIC INFLOW (Calibrated against CWC Tekhla gauge)
2024-07-30 01:00:00+00:00,0.203,0.103,354.53,247.51,602.05,CALIBRATED HYDROLOGIC INFLOW (Calibrated against CWC Tekhla gauge)
2024-07-30 02:00:00+00:00,0.067,0.011,375.95,247.18,623.13,CALIBRATED HYDROLOGIC INFLOW (Calibrated against CWC Tekhla gauge)
2024-07-30 03:00:00+00:00,0.025,0.0,389.44,246.83,636.27,CALIBRATED HYDROLOGIC INFLOW (Calibrated against CWC Tekhla gauge)
2024-07-30 04:00:00+00:00,0.074,0.016,396.59,246.51,643.1,CALIBRATED HYDROLOGIC INFLOW (Calibrated against CWC Tekhla gauge)
2024-07-30 05:00:00+00:00,0.142,0.062,398.91,246.23,645.14,CALIBRATED HYDROLOGIC INFLOW (Calibrated against CWC Tekhla gauge)
2024-07-30 06:00:00+00:00,0.261,0.142,398.0,246.01,644.01,CALIBRATED HYDROLOGIC INFLOW (Calibrated against CWC Tekhla gauge)
2024-07-30 07:00:00+00:00,0.396,0.232,395.55,245.85,641.4,CALIBRATED HYDROLOGIC INFLOW (Calibrated against CWC Tekhla gauge)
2024-07-30 08:00:00+00:00,0.544,0.332,392.99,245.76,638.75,CALIBRATED HYDROLOGIC INFLOW (Calibrated against CWC Tekhla gauge)
2024-07-30 09:00:00+00:00,0.874,0.553,391.58,245.81,637.39,CALIBRATED HYDROLOGIC INFLOW (Calibrated against CWC Tekhla gauge)
2024-07-30 10:00:00+00:00,1.011,0.645,394.01,245.92,639.93,CALIBRATED HYDROLOGIC INFLOW (Calibrated against CWC Tekhla gauge)
2024-07-30 11:00:00+00:00,0.759,0.476,400.35,245.91,646.26,CALIBRATED HYDROLOGIC INFLOW (Calibrated against CWC Tekhla gauge)
2024-07-30 12:00:00+00:00,0.554,0.338,407.11,245.82,652.94,CALIBRATED HYDROLOGIC INFLOW (Calibrated against CWC Tekhla gauge)
2024-07-30 13:00:00+00:00,0.066,0.011,412.43,245.53,657.96,CALIBRATED HYDROLOGIC INFLOW (Calibrated against CWC Tekhla gauge)
2024-07-30 14:00:00+00:00,0.04,0.0,412.16,245.23,657.39,CALIBRATED HYDROLOGIC INFLOW (Calibrated against CWC Tekhla gauge)
2024-07-30 15:00:00+00:00,0.123,0.049,407.87,244.98,652.85,CALIBRATED HYDROLOGIC INFLOW (Calibrated against CWC Tekhla gauge)
2024-07-30 16:00:00+00:00,0.062,0.008,401.25,244.7,645.95,CALIBRATED HYDROLOGIC INFLOW (Calibrated against CWC Tekhla gauge)
2024-07-30 17:00:00+00:00,0.059,0.006,392.2,244.43,636.63,CALIBRATED HYDROLOGIC INFLOW (Calibrated against CWC Tekhla gauge)
2024-07-30 18:00:00+00:00,0.091,0.028,381.31,244.18,625.5,CALIBRATED HYDROLOGIC INFLOW (Calibrated against CWC Tekhla gauge)
2024-07-30 19:00:00+00:00,0.316,0.179,369.38,244.04,613.42,CALIBRATED HYDROLOGIC INFLOW (Calibrated against CWC Tekhla gauge)
2024-07-30 20:00:00+00:00,0.804,0.506,358.81,244.1,602.91,CALIBRATED HYDROLOGIC INFLOW (Calibrated against CWC Tekhla gauge)
2024-07-30 21:00:00+00:00,0.668,0.415,353.8,244.11,597.91,CALIBRATED HYDROLOGIC INFLOW (Calibrated against CWC Tekhla gauge)
2024-07-30 22:00:00+00:00,0.096,0.031,351.38,243.87,595.26,CALIBRATED HYDROLOGIC INFLOW (Calibrated against CWC Tekhla gauge)
2024-07-30 23:00:00+00:00,0.12,0.047,345.65,243.65,589.3,CALIBRATED HYDROLOGIC INFLOW (Calibrated against CWC Tekhla gauge)
2024-07-31 00:00:00+00:00,0.144,0.063,338.18,243.45,581.63,CALIBRATED HYDROLOGIC INFLOW (Calibrated against CWC Tekhla gauge)
2024-07-31 01:00:00+00:00,0.323,0.183,329.71,243.32,573.03,CALIBRATED HYDROLOGIC INFLOW (Calibrated against CWC Tekhla gauge)
2024-07-31 02:00:00+00:00,0.713,0.445,322.23,243.37,565.59,CALIBRATED HYDROLOGIC INFLOW (Calibrated against CWC Tekhla gauge)
2024-07-31 03:00:00+00:00,0.492,0.297,319.11,243.32,562.43,CALIBRATED HYDROLOGIC INFLOW (Calibrated against CWC Tekhla gauge)
2024-07-31 04:00:00+00:00,0.275,0.151,316.95,243.18,560.13,CALIBRATED HYDROLOGIC INFLOW (Calibrated against CWC Tekhla gauge)
2024-07-31 05:00:00+00:00,0.121,0.048,313.66,242.97,556.63,CALIBRATED HYDROLOGIC INFLOW (Calibrated against CWC Tekhla gauge)
2024-07-31 06:00:00+00:00,0.212,0.109,308.3,242.82,551.11,CALIBRATED HYDROLOGIC INFLOW (Calibrated against CWC Tekhla gauge)
2024-07-31 07:00:00+00:00,0.349,0.201,302.42,242.72,545.14,CALIBRATED HYDROLOGIC INFLOW (Calibrated against CWC Tekhla gauge)
2024-07-31 08:00:00+00:00,1.478,0.958,297.44,243.11,540.54,CALIBRATED HYDROLOGIC INFLOW (Calibrated against CWC Tekhla gauge)
2024-07-31 09:00:00+00:00,0.625,0.386,303.8,243.12,546.92,CALIBRATED HYDROLOGIC INFLOW (Calibrated against CWC Tekhla gauge)
2024-07-31 10:00:00+00:00,0.993,0.633,309.75,243.29,553.04,CALIBRATED HYDROLOGIC INFLOW (Calibrated against CWC Tekhla gauge)
2024-07-31 11:00:00+00:00,0.725,0.453,319.55,243.34,562.89,CALIBRATED HYDROLOGIC INFLOW (Calibrated against CWC Tekhla gauge)
2024-07-31 12:00:00+00:00,0.557,0.34,329.47,243.32,572.79,CALIBRATED HYDROLOGIC INFLOW (Calibrated against CWC Tekhla gauge)
2024-07-31 13:00:00+00:00,2.625,1.728,338.08,244.18,582.26,CALIBRATED HYDROLOGIC INFLOW (Calibrated against CWC Tekhla gauge)
2024-07-31 14:00:00+00:00,2.804,1.848,365.46,245.09,610.55,CALIBRATED HYDROLOGIC INFLOW (Calibrated against CWC Tekhla gauge)
2024-07-31 15:00:00+00:00,2.429,1.597,407.01,245.82,652.83,CALIBRATED HYDROLOGIC INFLOW (Calibrated against CWC Tekhla gauge)
2024-07-31 16:00:00+00:00,1.164,0.748,455.35,246.0,701.34,CALIBRATED HYDROLOGIC INFLOW (Calibrated against CWC Tekhla gauge)
2024-07-31 17:00:00+00:00,0.691,0.43,496.91,245.96,742.87,CALIBRATED HYDROLOGIC INFLOW (Calibrated against CWC Tekhla gauge)
2024-07-31 18:00:00+00:00,0.648,0.401,529.66,245.91,775.57,CALIBRATED HYDROLOGIC INFLOW (Calibrated against CWC Tekhla gauge)
2024-07-31 19:00:00+00:00,0.569,0.348,555.47,245.83,801.3,CALIBRATED HYDROLOGIC INFLOW (Calibrated against CWC Tekhla gauge)
2024-07-31 20:00:00+00:00,0.436,0.259,575.0,245.69,820.7,CALIBRATED HYDROLOGIC INFLOW (Calibrated against CWC Tekhla gauge)
2024-07-31 21:00:00+00:00,0.376,0.219,588.24,245.53,833.78,CALIBRATED HYDROLOGIC INFLOW (Calibrated against CWC Tekhla gauge)
2024-07-31 22:00:00+00:00,0.662,0.411,595.95,245.5,841.45,CALIBRATED HYDROLOGIC INFLOW (Calibrated against CWC Tekhla gauge)
2024-07-31 23:00:00+00:00,1.068,0.683,601.99,245.64,847.62,CALIBRATED HYDROLOGIC INFLOW (Calibrated against CWC Tekhla gauge)
2024-08-01 00:00:00+00:00,1.183,0.76,610.17,245.82,856.0,CALIBRATED HYDROLOGIC INFLOW (Calibrated against CWC Tekhla gauge)
2024-08-01 01:00:00+00:00,0.021,0.0,620.57,245.51,866.08,CALIBRATED HYDROLOGIC INFLOW (Calibrated against CWC Tekhla gauge)
2024-08-01 02:00:00+00:00,0.033,0.0,621.6,245.21,866.81,CALIBRATED HYDROLOGIC INFLOW (Calibrated against CWC Tekhla gauge)
2024-08-01 03:00:00+00:00,0.046,0.0,616.35,244.92,861.27,CALIBRATED HYDROLOGIC INFLOW (Calibrated against CWC Tekhla gauge)
2024-08-01 04:00:00+00:00,0.029,0.0,606.31,244.64,850.94,CALIBRATED HYDROLOGIC INFLOW (Calibrated against CWC Tekhla gauge)
2024-08-01 05:00:00+00:00,0.048,0.0,592.58,244.36,836.95,CALIBRATED HYDROLOGIC INFLOW (Calibrated against CWC Tekhla gauge)
2024-08-01 06:00:00+00:00,0.115,0.044,576.04,244.13,820.17,CALIBRATED HYDROLOGIC INFLOW (Calibrated against CWC Tekhla gauge)
2024-08-01 07:00:00+00:00,0.21,0.107,558.02,243.94,801.95,CALIBRATED HYDROLOGIC INFLOW (Calibrated against CWC Tekhla gauge)
2024-08-01 08:00:00+00:00,0.114,0.043,539.77,243.71,783.49,CALIBRATED HYDROLOGIC INFLOW (Calibrated against CWC Tekhla gauge)
2024-08-01 09:00:00+00:00,0.097,0.032,520.47,243.49,763.96,CALIBRATED HYDROLOGIC INFLOW (Calibrated against CWC Tekhla gauge)
2024-08-01 10:00:00+00:00,0.097,0.032,500.41,243.26,743.68,CALIBRATED HYDROLOGIC INFLOW (Calibrated against CWC Tekhla gauge)
2024-08-01 11:00:00+00:00,0.109,0.04,479.94,243.05,722.99,CALIBRATED HYDROLOGIC INFLOW (Calibrated against CWC Tekhla gauge)
2024-08-01 12:00:00+00:00,0.051,0.001,459.44,242.82,702.26,CALIBRATED HYDROLOGIC INFLOW (Calibrated against CWC Tekhla gauge)
2024-08-01 13:00:00+00:00,0.039,0.0,438.54,242.6,681.13,CALIBRATED HYDROLOGIC INFLOW (Calibrated against CWC Tekhla gauge)
2024-08-01 14:00:00+00:00,0.03,0.0,417.55,242.37,659.92,CALIBRATED HYDROLOGIC INFLOW (Calibrated against CWC Tekhla gauge)
2024-08-01 15:00:00+00:00,0.024,0.0,396.7,242.15,638.84,CALIBRATED HYDROLOGIC INFLOW (Calibrated against CWC Tekhla gauge)
2024-08-01 16:00:00+00:00,0.026,0.0,376.14,241.93,618.07,CALIBRATED HYDROLOGIC INFLOW (Calibrated against CWC Tekhla gauge)
2024-08-01 17:00:00+00:00,0.023,0.0,356.02,241.72,597.73,CALIBRATED HYDROLOGIC INFLOW (Calibrated against CWC Tekhla gauge)
2024-08-01 18:00:00+00:00,0.014,0.0,336.42,241.51,577.92,CALIBRATED HYDROLOGIC INFLOW (Calibrated against CWC Tekhla gauge)
2024-08-01 19:00:00+00:00,0.019,0.0,317.43,241.3,558.73,CALIBRATED HYDROLOGIC INFLOW (Calibrated against CWC Tekhla gauge)
2024-08-01 20:00:00+00:00,0.014,0.0,299.1,241.1,540.21,CALIBRATED HYDROLOGIC INFLOW (Calibrated against CWC Tekhla gauge)
2024-08-01 21:00:00+00:00,0.008,0.0,281.48,240.91,522.39,CALIBRATED HYDROLOGIC INFLOW (Calibrated against CWC Tekhla gauge)
2024-08-01 22:00:00+00:00,0.002,0.0,264.59,240.71,505.3,CALIBRATED HYDROLOGIC INFLOW (Calibrated against CWC Tekhla gauge)
2024-08-01 23:00:00+00:00,0.001,0.0,248.45,240.52,488.97,CALIBRATED HYDROLOGIC INFLOW (Calibrated against CWC Tekhla gauge)
2024-08-02 00:00:00+00:00,0.0,0.0,233.05,240.34,473.39,CALIBRATED HYDROLOGIC INFLOW (Calibrated against CWC Tekhla gauge)
2024-08-02 01:00:00+00:00,0.011,0.0,218.4,240.16,458.56,CALIBRATED HYDROLOGIC INFLOW (Calibrated against CWC Tekhla gauge)
2024-08-02 02:00:00+00:00,0.0,0.0,204.5,239.98,444.48,CALIBRATED HYDROLOGIC INFLOW (Calibrated against CWC Tekhla gauge)
2024-08-02 03:00:00+00:00,0.025,0.0,191.31,239.82,431.14,CALIBRATED HYDROLOGIC INFLOW (Calibrated against CWC Tekhla gauge)
2024-08-02 04:00:00+00:00,0.058,0.005,178.84,239.68,418.52,CALIBRATED HYDROLOGIC INFLOW (Calibrated against CWC Tekhla gauge)
2024-08-02 05:00:00+00:00,0.134,0.056,167.14,239.57,406.71,CALIBRATED HYDROLOGIC INFLOW (Calibrated against CWC Tekhla gauge)
2024-08-02 06:00:00+00:00,0.173,0.083,156.87,239.48,396.36,CALIBRATED HYDROLOGIC INFLOW (Calibrated against CWC Tekhla gauge)
2024-08-02 07:00:00+00:00,0.435,0.258,148.14,239.51,387.65,CALIBRATED HYDROLOGIC INFLOW (Calibrated against CWC Tekhla gauge)
2024-08-02 08:00:00+00:00,0.802,0.505,143.16,239.69,382.85,CALIBRATED HYDROLOGIC INFLOW (Calibrated against CWC Tekhla gauge)
2024-08-02 09:00:00+00:00,1.401,0.907,144.41,240.13,384.53,CALIBRATED HYDROLOGIC INFLOW (Calibrated against CWC Tekhla gauge)
2024-08-02 10:00:00+00:00,0.899,0.57,155.86,240.33,396.19,CALIBRATED HYDROLOGIC INFLOW (Calibrated against CWC Tekhla gauge)
2024-08-02 11:00:00+00:00,1.01,0.644,169.83,240.58,410.41,CALIBRATED HYDROLOGIC INFLOW (Calibrated against CWC Tekhla gauge)
2024-08-02 12:00:00+00:00,0.642,0.397,187.17,240.67,427.84,CALIBRATED HYDROLOGIC INFLOW (Calibrated against CWC Tekhla gauge)
2024-08-02 13:00:00+00:00,0.673,0.418,203.5,240.77,444.26,CALIBRATED HYDROLOGIC INFLOW (Calibrated against CWC Tekhla gauge)
2024-08-02 14:00:00+00:00,0.606,0.373,219.58,240.83,460.41,CALIBRATED HYDROLOGIC INFLOW (Calibrated against CWC Tekhla gauge)
2024-08-02 15:00:00+00:00,0.995,0.634,234.75,241.06,475.81,CALIBRATED HYDROLOGIC INFLOW (Calibrated against CWC Tekhla gauge)
2024-08-02 16:00:00+00:00,1.731,1.128,252.86,241.6,494.46,CALIBRATED HYDROLOGIC INFLOW (Calibrated against CWC Tekhla gauge)
2024-08-02 17:00:00+00:00,1.939,1.268,279.74,242.21,521.96,CALIBRATED HYDROLOGIC INFLOW (Calibrated against CWC Tekhla gauge)
2024-08-02 18:00:00+00:00,1.655,1.077,314.48,242.69,557.17,CALIBRATED HYDROLOGIC INFLOW (Calibrated against CWC Tekhla gauge)
2024-08-02 19:00:00+00:00,1.291,0.833,352.07,242.99,595.06,CALIBRATED HYDROLOGIC INFLOW (Calibrated against CWC Tekhla gauge)
2024-08-02 20:00:00+00:00,0.895,0.567,388.36,243.13,631.49,CALIBRATED HYDROLOGIC INFLOW (Calibrated against CWC Tekhla gauge)
2024-08-02 21:00:00+00:00,0.846,0.534,419.98,243.23,663.21,CALIBRATED HYDROLOGIC INFLOW (Calibrated against CWC Tekhla gauge)
2024-08-02 22:00:00+00:00,0.772,0.485,447.64,243.31,690.94,CALIBRATED HYDROLOGIC INFLOW (Calibrated against CWC Tekhla gauge)
2024-08-02 23:00:00+00:00,0.507,0.307,471.35,243.26,714.62,CALIBRATED HYDROLOGIC INFLOW (Calibrated against CWC Tekhla gauge)
2024-08-03 00:00:00+00:00,0.232,0.122,489.32,243.11,732.42,CALIBRATED HYDROLOGIC INFLOW (Calibrated against CWC Tekhla gauge)
2024-08-03 01:00:00+00:00,0.434,0.258,500.23,243.04,743.26,CALIBRATED HYDROLOGIC INFLOW (Calibrated against CWC Tekhla gauge)
2024-08-03 02:00:00+00:00,0.176,0.085,507.69,242.86,750.55,CALIBRATED HYDROLOGIC INFLOW (Calibrated against CWC Tekhla gauge)
2024-08-03 03:00:00+00:00,0.071,0.014,509.7,242.65,752.35,CALIBRATED HYDROLOGIC INFLOW (Calibrated against CWC Tekhla gauge)
2024-08-03 04:00:00+00:00,0.076,0.017,506.6,242.44,749.04,CALIBRATED HYDROLOGIC INFLOW (Calibrated against CWC Tekhla gauge)
2024-08-03 05:00:00+00:00,0.163,0.076,499.63,242.27,741.9,CALIBRATED HYDROLOGIC INFLOW (Calibrated against CWC Tekhla gauge)
2024-08-03 06:00:00+00:00,0.388,0.227,490.47,242.21,732.67,CALIBRATED HYDROLOGIC INFLOW (Calibrated against CWC Tekhla gauge)
2024-08-03 07:00:00+00:00,0.793,0.499,481.65,242.32,723.97,CALIBRATED HYDROLOGIC INFLOW (Calibrated against CWC Tekhla gauge)
2024-08-03 08:00:00+00:00,1.156,0.742,476.77,242.58,719.34,CALIBRATED HYDROLOGIC INFLOW (Calibrated against CWC Tekhla gauge)
2024-08-03 09:00:00+00:00,0.883,0.559,477.98,242.71,720.69,CALIBRATED HYDROLOGIC INFLOW (Calibrated against CWC Tekhla gauge)
2024-08-03 10:00:00+00:00,0.707,0.441,480.93,242.77,723.7,CALIBRATED HYDROLOGIC INFLOW (Calibrated against CWC Tekhla gauge)
2024-08-03 11:00:00+00:00,0.622,0.384,483.76,242.79,726.55,CALIBRATED HYDROLOGIC INFLOW (Calibrated against CWC Tekhla gauge)
2024-08-03 12:00:00+00:00,0.287,0.159,485.88,242.67,728.55,CALIBRATED HYDROLOGIC INFLOW (Calibrated against CWC Tekhla gauge)
2024-08-03 13:00:00+00:00,0.118,0.046,484.37,242.48,726.85,CALIBRATED HYDROLOGIC INFLOW (Calibrated against CWC Tekhla gauge)
2024-08-03 14:00:00+00:00,0.092,0.028,478.77,242.28,721.05,CALIBRATED HYDROLOGIC INFLOW (Calibrated against CWC Tekhla gauge)
2024-08-03 15:00:00+00:00,0.564,0.345,469.98,242.29,712.27,CALIBRATED HYDROLOGIC INFLOW (Calibrated against CWC Tekhla gauge)
2024-08-03 16:00:00+00:00,0.887,0.562,463.29,242.44,705.73,CALIBRATED HYDROLOGIC INFLOW (Calibrated against CWC Tekhla gauge)
2024-08-03 17:00:00+00:00,0.972,0.619,460.92,242.62,703.53,CALIBRATED HYDROLOGIC INFLOW (Calibrated against CWC Tekhla gauge)
2024-08-03 18:00:00+00:00,0.896,0.568,462.35,242.76,705.1,CALIBRATED HYDROLOGIC INFLOW (Calibrated against CWC Tekhla gauge)
2024-08-03 19:00:00+00:00,0.578,0.354,465.88,242.76,708.64,CALIBRATED HYDROLOGIC INFLOW (Calibrated against CWC Tekhla gauge)
2024-08-03 20:00:00+00:00,0.48,0.289,468.09,242.72,710.81,CALIBRATED HYDROLOGIC INFLOW (Calibrated against CWC Tekhla gauge)
2024-08-03 21:00:00+00:00,0.337,0.193,468.63,242.62,711.25,CALIBRATED HYDROLOGIC INFLOW (Calibrated against CWC Tekhla gauge)
2024-08-03 22:00:00+00:00,0.169,0.08,466.68,242.45,709.13,CALIBRATED HYDROLOGIC INFLOW (Calibrated against CWC Tekhla gauge)
2024-08-03 23:00:00+00:00,0.026,0.0,461.36,242.23,703.58,CALIBRATED HYDROLOGIC INFLOW (Calibrated against CWC Tekhla gauge)
2024-08-04 00:00:00+00:00,0.002,0.0,452.49,242.0,694.49,CALIBRATED HYDROLOGIC INFLOW (Calibrated against CWC Tekhla gauge)
2024-08-04 01:00:00+00:00,0.0,0.0,441.07,241.78,682.84,CALIBRATED HYDROLOGIC INFLOW (Calibrated against CWC Tekhla gauge)
2024-08-04 02:00:00+00:00,0.0,0.0,427.73,241.56,669.28,CALIBRATED HYDROLOGIC INFLOW (Calibrated against CWC Tekhla gauge)
2024-08-04 03:00:00+00:00,0.006,0.0,412.99,241.35,654.34,CALIBRATED HYDROLOGIC INFLOW (Calibrated against CWC Tekhla gauge)
2024-08-04 04:00:00+00:00,0.055,0.003,397.26,241.16,638.43,CALIBRATED HYDROLOGIC INFLOW (Calibrated against CWC Tekhla gauge)
2024-08-04 05:00:00+00:00,0.185,0.091,380.93,241.04,621.97,CALIBRATED HYDROLOGIC INFLOW (Calibrated against CWC Tekhla gauge)
2024-08-04 06:00:00+00:00,0.441,0.262,365.49,241.03,606.52,CALIBRATED HYDROLOGIC INFLOW (Calibrated against CWC Tekhla gauge)
2024-08-04 07:00:00+00:00,0.567,0.347,353.18,241.07,594.25,CALIBRATED HYDROLOGIC INFLOW (Calibrated against CWC Tekhla gauge)
2024-08-04 08:00:00+00:00,0.733,0.458,344.36,241.18,585.54,CALIBRATED HYDROLOGIC INFLOW (Calibrated against CWC Tekhla gauge)
2024-08-04 09:00:00+00:00,0.549,0.335,339.78,241.22,580.99,CALIBRATED HYDROLOGIC INFLOW (Calibrated against CWC Tekhla gauge)
2024-08-04 10:00:00+00:00,0.273,0.15,336.65,241.13,577.78,CALIBRATED HYDROLOGIC INFLOW (Calibrated against CWC Tekhla gauge)
2024-08-04 11:00:00+00:00,0.335,0.191,332.25,241.07,573.32,CALIBRATED HYDROLOGIC INFLOW (Calibrated against CWC Tekhla gauge)
2024-08-04 12:00:00+00:00,0.285,0.158,327.82,240.99,568.81,CALIBRATED HYDROLOGIC INFLOW (Calibrated against CWC Tekhla gauge)
2024-08-04 13:00:00+00:00,0.123,0.049,322.92,240.85,563.76,CALIBRATED HYDROLOGIC INFLOW (Calibrated against CWC Tekhla gauge)
2024-08-04 14:00:00+00:00,0.151,0.068,316.23,240.72,556.94,CALIBRATED HYDROLOGIC INFLOW (Calibrated against CWC Tekhla gauge)
2024-08-04 15:00:00+00:00,0.135,0.057,308.63,240.58,549.21,CALIBRATED HYDROLOGIC INFLOW (Calibrated against CWC Tekhla gauge)
2024-08-04 16:00:00+00:00,0.159,0.073,300.24,240.46,540.7,CALIBRATED HYDROLOGIC INFLOW (Calibrated against CWC Tekhla gauge)
2024-08-04 17:00:00+00:00,0.279,0.154,291.55,240.4,531.95,CALIBRATED HYDROLOGIC INFLOW (Calibrated against CWC Tekhla gauge)
2024-08-04 18:00:00+00:00,0.508,0.307,283.83,240.43,524.26,CALIBRATED HYDROLOGIC INFLOW (Calibrated against CWC Tekhla gauge)
2024-08-04 19:00:00+00:00,0.452,0.27,278.98,240.44,519.42,CALIBRATED HYDROLOGIC INFLOW (Calibrated against CWC Tekhla gauge)
2024-08-04 20:00:00+00:00,0.223,0.116,275.65,240.35,516.0,CALIBRATED HYDROLOGIC INFLOW (Calibrated against CWC Tekhla gauge)
2024-08-04 21:00:00+00:00,0.276,0.152,271.41,240.29,511.7,CALIBRATED HYDROLOGIC INFLOW (Calibrated against CWC Tekhla gauge)
2024-08-04 22:00:00+00:00,0.389,0.228,267.24,240.27,507.51,CALIBRATED HYDROLOGIC INFLOW (Calibrated against CWC Tekhla gauge)
2024-08-04 23:00:00+00:00,0.189,0.093,264.22,240.18,504.4,CALIBRATED HYDROLOGIC INFLOW (Calibrated against CWC Tekhla gauge)
