timestamp,rainfall_mm,bhilangna_inflow_low_m3s,bhilangna_inflow_base_m3s,bhilangna_inflow_high_m3s,provenance
2024-07-25 00:00:00+00:00,0.066,99.0,158.22,237.17,"MODELLED / DERIVED HYDROLOGIC INFLOW (Transferred parameters, uncalibrated)"
2024-07-25 01:00:00+00:00,2.388,98.66,157.03,235.63,"MODELLED / DERIVED HYDROLOGIC INFLOW (Transferred parameters, uncalibrated)"
2024-07-25 02:00:00+00:00,2.952,100.57,164.95,267.1,"MODELLED / DERIVED HYDROLOGIC INFLOW (Transferred parameters, uncalibrated)"
2024-07-25 03:00:00+00:00,3.423,104.9,180.71,320.56,"MODELLED / DERIVED HYDROLOGIC INFLOW (Transferred parameters, uncalibrated)"
2024-07-25 04:00:00+00:00,2.984,111.43,203.31,390.15,"MODELLED / DERIVED HYDROLOGIC INFLOW (Transferred parameters, uncalibrated)"
2024-07-25 05:00:00+00:00,1.531,119.1,228.43,459.34,"MODELLED / DERIVED HYDROLOGIC INFLOW (Transferred parameters, uncalibrated)"
2024-07-25 06:00:00+00:00,0.653,126.46,249.64,505.95,"MODELLED / DERIVED HYDROLOGIC INFLOW (Transferred parameters, uncalibrated)"
2024-07-25 07:00:00+00:00,1.261,133.07,265.12,527.76,"MODELLED / DERIVED HYDROLOGIC INFLOW (Transferred parameters, uncalibrated)"
2024-07-25 08:00:00+00:00,1.12,139.38,278.77,544.03,"MODELLED / DERIVED HYDROLOGIC INFLOW (Transferred parameters, uncalibrated)"
2024-07-25 09:00:00+00:00,1.603,145.42,290.25,553.25,"MODELLED / DERIVED HYDROLOGIC INFLOW (Transferred parameters, uncalibrated)"
2024-07-25 10:00:00+00:00,1.126,151.41,301.65,564.51,"MODELLED / DERIVED HYDROLOGIC INFLOW (Transferred parameters, uncalibrated)"
2024-07-25 11:00:00+00:00,1.168,156.99,310.82,568.81,"MODELLED / DERIVED HYDROLOGIC INFLOW (Transferred parameters, uncalibrated)"
2024-07-25 12:00:00+00:00,0.972,162.16,318.47,570.01,"MODELLED / DERIVED HYDROLOGIC INFLOW (Transferred parameters, uncalibrated)"
2024-07-25 13:00:00+00:00,0.119,166.59,323.93,566.3,"MODELLED / DERIVED HYDROLOGIC INFLOW (Transferred parameters, uncalibrated)"
2024-07-25 14:00:00+00:00,0.068,169.77,324.59,548.17,"MODELLED / DERIVED HYDROLOGIC INFLOW (Transferred parameters, uncalibrated)"
2024-07-25 15:00:00+00:00,0.294,171.91,321.88,522.96,"MODELLED / DERIVED HYDROLOGIC INFLOW (Transferred parameters, uncalibrated)"
2024-07-25 16:00:00+00:00,0.607,173.39,317.64,497.79,"MODELLED / DERIVED HYDROLOGIC INFLOW (Transferred parameters, uncalibrated)"
2024-07-25 17:00:00+00:00,0.4,174.43,313.35,477.48,"MODELLED / DERIVED HYDROLOGIC INFLOW (Transferred parameters, uncalibrated)"
2024-07-25 18:00:00+00:00,0.516,175.0,308.19,457.31,"MODELLED / DERIVED HYDROLOGIC INFLOW (Transferred parameters, uncalibrated)"
2024-07-25 19:00:00+00:00,0.632,175.26,302.94,439.94,"MODELLED / DERIVED HYDROLOGIC INFLOW (Transferred parameters, uncalibrated)"
2024-07-25 20:00:00+00:00,0.254,175.24,297.99,426.29,"MODELLED / DERIVED HYDROLOGIC INFLOW (Transferred parameters, uncalibrated)"
2024-07-25 21:00:00+00:00,0.142,174.69,291.86,409.88,"MODELLED / DERIVED HYDROLOGIC INFLOW (Transferred parameters, uncalibrated)"
2024-07-25 22:00:00+00:00,0.307,173.67,284.7,391.62,"MODELLED / DERIVED HYDROLOGIC INFLOW (Transferred parameters, uncalibrated)"
2024-07-25 23:00:00+00:00,0.229,172.34,277.54,375.52,"MODELLED / DERIVED HYDROLOGIC INFLOW (Transferred parameters, uncalibrated)"
2024-07-26 00:00:00+00:00,0.067,170.66,270.1,359.93,"MODELLED / DERIVED HYDROLOGIC INFLOW (Transferred parameters, uncalibrated)"
2024-07-26 01:00:00+00:00,0.121,168.62,261.99,343.14,"MODELLED / DERIVED HYDROLOGIC INFLOW (Transferred parameters, uncalibrated)"
2024-07-26 02:00:00+00:00,0.219,166.33,253.79,327.35,"MODELLED / DERIVED HYDROLOGIC INFLOW (Transferred parameters, uncalibrated)"
2024-07-26 03:00:00+00:00,0.119,163.88,245.98,314.06,"MODELLED / DERIVED HYDROLOGIC INFLOW (Transferred parameters, uncalibrated)"
2024-07-26 04:00:00+00:00,0.147,161.24,238.16,301.2,"MODELLED / DERIVED HYDROLOGIC INFLOW (Transferred parameters, uncalibrated)"
2024-07-26 05:00:00+00:00,0.282,158.52,230.63,289.67,"MODELLED / DERIVED HYDROLOGIC INFLOW (Transferred parameters, uncalibrated)"
2024-07-26 06:00:00+00:00,0.513,155.89,223.95,281.27,"MODELLED / DERIVED HYDROLOGIC INFLOW (Transferred parameters, uncalibrated)"
2024-07-26 07:00:00+00:00,0.899,153.63,218.88,278.08,"MODELLED / DERIVED HYDROLOGIC INFLOW (Transferred parameters, uncalibrated)"
2024-07-26 08:00:00+00:00,1.374,152.08,216.5,283.1,"MODELLED / DERIVED HYDROLOGIC INFLOW (Transferred parameters, uncalibrated)"
2024-07-26 09:00:00+00:00,0.619,151.25,217.58,298.61,"MODELLED / DERIVED HYDROLOGIC INFLOW (Transferred parameters, uncalibrated)"
2024-07-26 10:00:00+00:00,0.968,150.62,218.26,308.37,"MODELLED / DERIVED HYDROLOGIC INFLOW (Transferred parameters, uncalibrated)"
2024-07-26 11:00:00+00:00,0.373,150.25,220.09,320.44,"MODELLED / DERIVED HYDROLOGIC INFLOW (Transferred parameters, uncalibrated)"
2024-07-26 12:00:00+00:00,0.644,149.76,220.49,324.61,"MODELLED / DERIVED HYDROLOGIC INFLOW (Transferred parameters, uncalibrated)"
2024-07-26 13:00:00+00:00,0.128,149.21,220.96,328.64,"MODELLED / DERIVED HYDROLOGIC INFLOW (Transferred parameters, uncalibrated)"
2024-07-26 14:00:00+00:00,0.18,148.28,219.5,324.78,"MODELLED / DERIVED HYDROLOGIC INFLOW (Transferred parameters, uncalibrated)"
2024-07-26 15:00:00+00:00,0.623,147.19,217.12,318.0,"MODELLED / DERIVED HYDROLOGIC INFLOW (Transferred parameters, uncalibrated)"
2024-07-26 16:00:00+00:00,1.31,146.46,215.88,315.92,"MODELLED / DERIVED HYDROLOGIC INFLOW (Transferred parameters, uncalibrated)"
2024-07-26 17:00:00+00:00,1.498,146.56,217.88,325.42,"MODELLED / DERIVED HYDROLOGIC INFLOW (Transferred parameters, uncalibrated)"
2024-07-26 18:00:00+00:00,1.144,147.38,222.57,342.66,"MODELLED / DERIVED HYDROLOGIC INFLOW (Transferred parameters, uncalibrated)"
2024-07-26 19:00:00+00:00,1.504,148.67,227.81,358.49,"MODELLED / DERIVED HYDROLOGIC INFLOW (Transferred parameters, uncalibrated)"
2024-07-26 20:00:00+00:00,2.358,150.83,235.01,378.59,"MODELLED / DERIVED HYDROLOGIC INFLOW (Transferred parameters, uncalibrated)"
2024-07-26 21:00:00+00:00,2.19,154.23,246.52,411.67,"MODELLED / DERIVED HYDROLOGIC INFLOW (Transferred parameters, uncalibrated)"
2024-07-26 22:00:00+00:00,1.514,158.38,259.94,447.13,"MODELLED / DERIVED HYDROLOGIC INFLOW (Transferred parameters, uncalibrated)"
2024-07-26 23:00:00+00:00,1.48,162.67,272.07,473.37,"MODELLED / DERIVED HYDROLOGIC INFLOW (Transferred parameters, uncalibrated)"
2024-07-27 00:00:00+00:00,0.918,166.86,283.09,493.75,"MODELLED / DERIVED HYDROLOGIC INFLOW (Transferred parameters, uncalibrated)"
2024-07-27 01:00:00+00:00,0.25,170.38,290.95,502.02,"MODELLED / DERIVED HYDROLOGIC INFLOW (Transferred parameters, uncalibrated)"
2024-07-27 02:00:00+00:00,0.339,172.88,294.16,494.41,"MODELLED / DERIVED HYDROLOGIC INFLOW (Transferred parameters, uncalibrated)"
2024-07-27 03:00:00+00:00,0.455,174.6,294.52,480.08,"MODELLED / DERIVED HYDROLOGIC INFLOW (Transferred parameters, uncalibrated)"
2024-07-27 04:00:00+00:00,0.451,175.71,293.18,463.74,"MODELLED / DERIVED HYDROLOGIC INFLOW (Transferred parameters, uncalibrated)"
2024-07-27 05:00:00+00:00,0.986,176.46,290.64,446.52,"MODELLED / DERIVED HYDROLOGIC INFLOW (Transferred parameters, uncalibrated)"
2024-07-27 06:00:00+00:00,2.164,177.56,289.46,436.97,"MODELLED / DERIVED HYDROLOGIC INFLOW (Transferred parameters, uncalibrated)"
2024-07-27 07:00:00+00:00,0.943,179.43,293.13,447.56,"MODELLED / DERIVED HYDROLOGIC INFLOW (Transferred parameters, uncalibrated)"
2024-07-27 08:00:00+00:00,1.199,181.18,295.38,450.55,"MODELLED / DERIVED HYDROLOGIC INFLOW (Transferred parameters, uncalibrated)"
2024-07-27 09:00:00+00:00,1.574,183.09,297.97,454.59,"MODELLED / DERIVED HYDROLOGIC INFLOW (Transferred parameters, uncalibrated)"
2024-07-27 10:00:00+00:00,1.798,185.44,302.15,464.06,"MODELLED / DERIVED HYDROLOGIC INFLOW (Transferred parameters, uncalibrated)"
2024-07-27 11:00:00+00:00,0.898,188.06,307.91,478.68,"MODELLED / DERIVED HYDROLOGIC INFLOW (Transferred parameters, uncalibrated)"
2024-07-27 12:00:00+00:00,0.289,190.1,311.2,482.74,"MODELLED / DERIVED HYDROLOGIC INFLOW (Transferred parameters, uncalibrated)"
2024-07-27 13:00:00+00:00,0.03,191.17,310.66,473.45,"MODELLED / DERIVED HYDROLOGIC INFLOW (Transferred parameters, uncalibrated)"
2024-07-27 14:00:00+00:00,0.02,191.28,306.7,454.16,"MODELLED / DERIVED HYDROLOGIC INFLOW (Transferred parameters, uncalibrated)"
2024-07-27 15:00:00+00:00,0.024,190.58,300.41,430.05,"MODELLED / DERIVED HYDROLOGIC INFLOW (Transferred parameters, uncalibrated)"
2024-07-27 16:00:00+00:00,0.034,189.21,292.5,404.07,"MODELLED / DERIVED HYDROLOGIC INFLOW (Transferred parameters, uncalibrated)"
2024-07-27 17:00:00+00:00,0.328,187.36,283.58,378.12,"MODELLED / DERIVED HYDROLOGIC INFLOW (Transferred parameters, uncalibrated)"
2024-07-27 18:00:00+00:00,1.025,185.43,275.2,357.34,"MODELLED / DERIVED HYDROLOGIC INFLOW (Transferred parameters, uncalibrated)"
2024-07-27 19:00:00+00:00,0.551,183.79,269.69,349.55,"MODELLED / DERIVED HYDROLOGIC INFLOW (Transferred parameters, uncalibrated)"
2024-07-27 20:00:00+00:00,0.036,181.96,264.24,341.86,"MODELLED / DERIVED HYDROLOGIC INFLOW (Transferred parameters, uncalibrated)"
2024-07-27 21:00:00+00:00,0.028,179.67,257.2,328.18,"MODELLED / DERIVED HYDROLOGIC INFLOW (Transferred parameters, uncalibrated)"
2024-07-27 22:00:00+00:00,0.003,177.0,249.32,312.42,"MODELLED / DERIVED HYDROLOGIC INFLOW (Transferred parameters, uncalibrated)"
2024-07-27 23:00:00+00:00,0.007,174.04,240.97,295.8,"MODELLED / DERIVED HYDROLOGIC INFLOW (Transferred parameters, uncalibrated)"
2024-07-28 00:00:00+00:00,0.007,170.85,232.42,279.47,"MODELLED / DERIVED HYDROLOGIC INFLOW (Transferred parameters, uncalibrated)"
2024-07-28 01:00:00+00:00,0.014,167.48,223.85,263.95,"MODELLED / DERIVED HYDROLOGIC INFLOW (Transferred parameters, uncalibrated)"
2024-07-28 02:00:00+00:00,0.007,163.98,215.41,249.64,"MODELLED / DERIVED HYDROLOGIC INFLOW (Transferred parameters, uncalibrated)"
2024-07-28 03:00:00+00:00,0.015,160.39,207.18,236.52,"MODELLED / DERIVED HYDROLOGIC INFLOW (Transferred parameters, uncalibrated)"
2024-07-28 04:00:00+00:00,0.023,156.75,199.25,224.79,"MODELLED / DERIVED HYDROLOGIC INFLOW (Transferred parameters, uncalibrated)"
2024-07-28 05:00:00+00:00,0.055,153.1,191.66,214.47,"MODELLED / DERIVED HYDROLOGIC INFLOW (Transferred parameters, uncalibrated)"
2024-07-28 06:00:00+00:00,0.113,149.47,184.48,205.86,"MODELLED / DERIVED HYDROLOGIC INFLOW (Transferred parameters, uncalibrated)"
2024-07-28 07:00:00+00:00,0.488,145.98,178.01,199.43,"MODELLED / DERIVED HYDROLOGIC INFLOW (Transferred parameters, uncalibrated)"
2024-07-28 08:00:00+00:00,0.946,143.01,173.62,199.75,"MODELLED / DERIVED HYDROLOGIC INFLOW (Transferred parameters, uncalibrated)"
2024-07-28 09:00:00+00:00,0.573,140.7,172.3,209.74,"MODELLED / DERIVED HYDROLOGIC INFLOW (Transferred parameters, uncalibrated)"
2024-07-28 10:00:00+00:00,0.712,138.76,171.72,219.05,"MODELLED / DERIVED HYDROLOGIC INFLOW (Transferred parameters, uncalibrated)"
2024-07-28 11:00:00+00:00,0.312,137.13,172.25,230.14,"MODELLED / DERIVED HYDROLOGIC INFLOW (Transferred parameters, uncalibrated)"
2024-07-28 12:00:00+00:00,0.146,135.45,172.07,236.07,"MODELLED / DERIVED HYDROLOGIC INFLOW (Transferred parameters, uncalibrated)"
2024-07-28 13:00:00+00:00,0.038,133.59,170.88,237.1,"MODELLED / DERIVED HYDROLOGIC INFLOW (Transferred parameters, uncalibrated)"
2024-07-28 14:00:00+00:00,0.005,131.57,168.71,234.0,"MODELLED / DERIVED HYDROLOGIC INFLOW (Transferred parameters, uncalibrated)"
2024-07-28 15:00:00+00:00,0.002,129.44,165.9,228.29,"MODELLED / DERIVED HYDROLOGIC INFLOW (Transferred parameters, uncalibrated)"
2024-07-28 16:00:00+00:00,0.011,127.23,162.69,221.26,"MODELLED / DERIVED HYDROLOGIC INFLOW (Transferred parameters, uncalibrated)"
2024-07-28 17:00:00+00:00,0.067,124.97,159.22,213.82,"MODELLED / DERIVED HYDROLOGIC INFLOW (Transferred parameters, uncalibrated)"
2024-07-28 18:00:00+00:00,0.382,122.76,155.75,207.21,"MODELLED / DERIVED HYDROLOGIC INFLOW (Transferred parameters, uncalibrated)"
2024-07-28 19:00:00+00:00,0.617,120.86,153.53,205.64,"MODELLED / DERIVED HYDROLOGIC INFLOW (Transferred parameters, uncalibrated)"
2024-07-28 20:00:00+00:00,0.352,119.31,152.95,209.79,"MODELLED / DERIVED HYDROLOGIC INFLOW (Transferred parameters, uncalibrated)"
2024-07-28 21:00:00+00:00,0.219,117.85,152.47,213.01,"MODELLED / DERIVED HYDROLOGIC INFLOW (Transferred parameters, uncalibrated)"
2024-07-28 22:00:00+00:00,0.399,116.45,151.72,214.19,"MODELLED / DERIVED HYDROLOGIC INFLOW (Transferred parameters, uncalibrated)"
2024-07-28 23:00:00+00:00,0.197,115.16,151.46,216.87,"MODELLED / DERIVED HYDROLOGIC INFLOW (Transferred parameters, uncalibrated)"
2024-07-29 00:00:00+00:00,0.032,113.79,150.73,217.2,"MODELLED / DERIVED HYDROLOGIC INFLOW (Transferred parameters, uncalibrated)"
2024-07-29 01:00:00+00:00,0.0,112.31,149.2,214.17,"MODELLED / DERIVED HYDROLOGIC INFLOW (Transferred parameters, uncalibrated)"
2024-07-29 02:00:00+00:00,0.0,110.75,147.17,209.11,"MODELLED / DERIVED HYDROLOGIC INFLOW (Transferred parameters, uncalibrated)"
2024-07-29 03:00:00+00:00,0.018,109.14,144.82,203.12,"MODELLED / DERIVED HYDROLOGIC INFLOW (Transferred parameters, uncalibrated)"
2024-07-29 04:00:00+00:00,0.012,107.48,142.26,197.05,"MODELLED / DERIVED HYDROLOGIC INFLOW (Transferred parameters, uncalibrated)"
2024-07-29 05:00:00+00:00,0.078,105.82,139.6,191.04,"MODELLED / DERIVED HYDROLOGIC INFLOW (Transferred parameters, uncalibrated)"
2024-07-29 06:00:00+00:00,0.189,104.18,137.03,186.24,"MODELLED / DERIVED HYDROLOGIC INFLOW (Transferred parameters, uncalibrated)"
2024-07-29 07:00:00+00:00,0.232,102.63,134.97,183.78,"MODELLED / DERIVED HYDROLOGIC INFLOW (Transferred parameters, uncalibrated)"
2024-07-29 08:00:00+00:00,0.264,101.21,133.43,183.21,"MODELLED / DERIVED HYDROLOGIC INFLOW (Transferred parameters, uncalibrated)"
2024-07-29 09:00:00+00:00,1.214,100.19,132.6,184.25,"MODELLED / DERIVED HYDROLOGIC INFLOW (Transferred parameters, uncalibrated)"
2024-07-29 10:00:00+00:00,0.251,99.89,135.59,199.27,"MODELLED / DERIVED HYDROLOGIC INFLOW (Transferred parameters, uncalibrated)"
2024-07-29 11:00:00+00:00,0.565,99.64,137.48,206.93,"MODELLED / DERIVED HYDROLOGIC INFLOW (Transferred parameters, uncalibrated)"
2024-07-29 12:00:00+00:00,0.323,99.58,139.99,215.9,"MODELLED / DERIVED HYDROLOGIC INFLOW (Transferred parameters, uncalibrated)"
2024-07-29 13:00:00+00:00,0.037,99.44,141.88,221.44,"MODELLED / DERIVED HYDROLOGIC INFLOW (Transferred parameters, uncalibrated)"
2024-07-29 14:00:00+00:00,0.038,99.09,142.36,221.15,"MODELLED / DERIVED HYDROLOGIC INFLOW (Transferred parameters, uncalibrated)"
2024-07-29 15:00:00+00:00,0.237,98.62,141.97,217.97,"MODELLED / DERIVED HYDROLOGIC INFLOW (Transferred parameters, uncalibrated)"
2024-07-29 16:00:00+00:00,0.76,98.28,141.76,216.03,"MODELLED / DERIVED HYDROLOGIC INFLOW (Transferred parameters, uncalibrated)"
2024-07-29 17:00:00+00:00,1.188,98.51,143.61,221.84,"MODELLED / DERIVED HYDROLOGIC INFLOW (Transferred parameters, uncalibrated)"
2024-07-29 18:00:00+00:00,2.682,99.94,148.64,237.18,"MODELLED / DERIVED HYDROLOGIC INFLOW (Transferred parameters, uncalibrated)"
2024-07-29 19:00:00+00:00,3.176,103.5,161.34,277.58,"MODELLED / DERIVED HYDROLOGIC INFLOW (Transferred parameters, uncalibrated)"
2024-07-29 20:00:00+00:00,5.649,109.88,181.22,335.73,"MODELLED / DERIVED HYDROLOGIC INFLOW (Transferred parameters, uncalibrated)"
2024-07-29 21:00:00+00:00,5.565,120.24,214.93,435.48,"MODELLED / DERIVED HYDROLOGIC INFLOW (Transferred parameters, uncalibrated)"
2024-07-29 22:00:00+00:00,2.682,133.08,256.38,550.0,"MODELLED / DERIVED HYDROLOGIC INFLOW (Transferred parameters, uncalibrated)"
2024-07-29 23:00:00+00:00,1.789,145.73,292.02,628.47,"MODELLED / DERIVED HYDROLOGIC INFLOW (Transferred parameters, uncalibrated)"
2024-07-30 00:00:00+00:00,0.837,157.28,320.48,675.08,"MODELLED / DERIVED HYDROLOGIC INFLOW (Transferred parameters, uncalibrated)"
2024-07-30 01:00:00+00:00,0.884,167.18,340.22,689.56,"MODELLED / DERIVED HYDROLOGIC INFLOW (Transferred parameters, uncalibrated)"
2024-07-30 02:00:00+00:00,0.293,175.49,353.73,686.58,"MODELLED / DERIVED HYDROLOGIC INFLOW (Transferred parameters, uncalibrated)"
2024-07-30 03:00:00+00:00,0.037,181.94,360.23,664.84,"MODELLED / DERIVED HYDROLOGIC INFLOW (Transferred parameters, uncalibrated)"
2024-07-30 04:00:00+00:00,0.033,186.66,360.76,630.02,"MODELLED / DERIVED HYDROLOGIC INFLOW (Transferred parameters, uncalibrated)"
2024-07-30 05:00:00+00:00,0.141,189.91,357.0,589.08,"MODELLED / DERIVED HYDROLOGIC INFLOW (Transferred parameters, uncalibrated)"
2024-07-30 06:00:00+00:00,0.26,191.95,350.44,547.5,"MODELLED / DERIVED HYDROLOGIC INFLOW (Transferred parameters, uncalibrated)"
2024-07-30 07:00:00+00:00,0.29,193.02,342.3,508.55,"MODELLED / DERIVED HYDROLOGIC INFLOW (Transferred parameters, uncalibrated)"
2024-07-30 08:00:00+00:00,1.001,193.49,333.27,472.94,"MODELLED / DERIVED HYDROLOGIC INFLOW (Transferred parameters, uncalibrated)"
2024-07-30 09:00:00+00:00,0.831,193.88,326.27,450.55,"MODELLED / DERIVED HYDROLOGIC INFLOW (Transferred parameters, uncalibrated)"
2024-07-30 10:00:00+00:00,0.717,194.05,319.91,433.28,"MODELLED / DERIVED HYDROLOGIC INFLOW (Transferred parameters, uncalibrated)"
2024-07-30 11:00:00+00:00,1.031,194.05,313.79,418.5,"MODELLED / DERIVED HYDROLOGIC INFLOW (Transferred parameters, uncalibrated)"
2024-07-30 12:00:00+00:00,0.447,193.96,309.0,410.41,"MODELLED / DERIVED HYDROLOGIC INFLOW (Transferred parameters, uncalibrated)"
2024-07-30 13:00:00+00:00,0.069,193.29,302.93,397.99,"MODELLED / DERIVED HYDROLOGIC INFLOW (Transferred parameters, uncalibrated)"
2024-07-30 14:00:00+00:00,0.21,191.94,294.86,379.34,"MODELLED / DERIVED HYDROLOGIC INFLOW (Transferred parameters, uncalibrated)"
2024-07-30 15:00:00+00:00,0.337,190.14,286.16,360.52,"MODELLED / DERIVED HYDROLOGIC INFLOW (Transferred parameters, uncalibrated)"
2024-07-30 16:00:00+00:00,0.079,187.96,277.53,343.92,"MODELLED / DERIVED HYDROLOGIC INFLOW (Transferred parameters, uncalibrated)"
2024-07-30 17:00:00+00:00,0.085,185.34,268.07,325.48,"MODELLED / DERIVED HYDROLOGIC INFLOW (Transferred parameters, uncalibrated)"
2024-07-30 18:00:00+00:00,0.267,182.4,258.31,307.27,"MODELLED / DERIVED HYDROLOGIC INFLOW (Transferred parameters, uncalibrated)"
2024-07-30 19:00:00+00:00,0.965,179.5,249.31,292.59,"MODELLED / DERIVED HYDROLOGIC INFLOW (Transferred parameters, uncalibrated)"
2024-07-30 20:00:00+00:00,0.473,177.02,243.41,289.95,"MODELLED / DERIVED HYDROLOGIC INFLOW (Transferred parameters, uncalibrated)"
2024-07-30 21:00:00+00:00,0.101,174.45,237.71,286.43,"MODELLED / DERIVED HYDROLOGIC INFLOW (Transferred parameters, uncalibrated)"
2024-07-30 22:00:00+00:00,0.356,171.65,231.1,278.25,"MODELLED / DERIVED HYDROLOGIC INFLOW (Transferred parameters, uncalibrated)"
2024-07-30 23:00:00+00:00,0.284,168.82,225.01,271.95,"MODELLED / DERIVED HYDROLOGIC INFLOW (Transferred parameters, uncalibrated)"
2024-07-31 00:00:00+00:00,0.724,166.05,219.17,265.69,"MODELLED / DERIVED HYDROLOGIC INFLOW (Transferred parameters, uncalibrated)"
2024-07-31 01:00:00+00:00,1.703,163.93,215.46,266.07,"MODELLED / DERIVED HYDROLOGIC INFLOW (Transferred parameters, uncalibrated)"
2024-07-31 02:00:00+00:00,2.541,163.25,216.99,283.34,"MODELLED / DERIVED HYDROLOGIC INFLOW (Transferred parameters, uncalibrated)"
2024-07-31 03:00:00+00:00,1.087,163.97,224.75,319.65,"MODELLED / DERIVED HYDROLOGIC INFLOW (Transferred parameters, uncalibrated)"
2024-07-31 04:00:00+00:00,0.355,164.69,231.1,343.93,"MODELLED / DERIVED HYDROLOGIC INFLOW (Transferred parameters, uncalibrated)"
2024-07-31 05:00:00+00:00,0.239,164.88,234.12,352.47,"MODELLED / DERIVED HYDROLOGIC INFLOW (Transferred parameters, uncalibrated)"
2024-07-31 06:00:00+00:00,0.508,164.6,234.64,351.27,"MODELLED / DERIVED HYDROLOGIC INFLOW (Transferred parameters, uncalibrated)"
2024-07-31 07:00:00+00:00,1.044,164.26,234.53,348.4,"MODELLED / DERIVED HYDROLOGIC INFLOW (Transferred parameters, uncalibrated)"
2024-07-31 08:00:00+00:00,1.522,164.37,235.94,351.64,"MODELLED / DERIVED HYDROLOGIC INFLOW (Transferred parameters, uncalibrated)"
2024-07-31 09:00:00+00:00,2.162,165.36,240.11,364.03,"MODELLED / DERIVED HYDROLOGIC INFLOW (Transferred parameters, uncalibrated)"
2024-07-31 10:00:00+00:00,3.125,167.77,248.6,389.43,"MODELLED / DERIVED HYDROLOGIC INFLOW (Transferred parameters, uncalibrated)"
2024-07-31 11:00:00+00:00,2.352,171.84,263.25,433.64,"MODELLED / DERIVED HYDROLOGIC INFLOW (Transferred parameters, uncalibrated)"
2024-07-31 12:00:00+00:00,1.128,176.41,278.69,474.56,"MODELLED / DERIVED HYDROLOGIC INFLOW (Transferred parameters, uncalibrated)"
2024-07-31 13:00:00+00:00,4.682,181.52,290.96,496.63,"MODELLED / DERIVED HYDROLOGIC INFLOW (Transferred parameters, uncalibrated)"
2024-07-31 14:00:00+00:00,4.447,189.4,314.28,558.36,"MODELLED / DERIVED HYDROLOGIC INFLOW (Transferred parameters, uncalibrated)"
2024-07-31 15:00:00+00:00,4.603,199.47,343.23,631.66,"MODELLED / DERIVED HYDROLOGIC INFLOW (Transferred parameters, uncalibrated)"
2024-07-31 16:00:00+00:00,3.507,211.12,376.17,710.93,"MODELLED / DERIVED HYDROLOGIC INFLOW (Transferred parameters, uncalibrated)"
2024-07-31 17:00:00+00:00,1.748,222.83,407.04,774.85,"MODELLED / DERIVED HYDROLOGIC INFLOW (Transferred parameters, uncalibrated)"
2024-07-31 18:00:00+00:00,1.177,233.16,429.75,804.5,"MODELLED / DERIVED HYDROLOGIC INFLOW (Transferred parameters, uncalibrated)"
2024-07-31 19:00:00+00:00,1.66,242.0,444.84,807.94,"MODELLED / DERIVED HYDROLOGIC INFLOW (Transferred parameters, uncalibrated)"
2024-07-31 20:00:00+00:00,0.84,249.63,456.0,803.35,"MODELLED / DERIVED HYDROLOGIC INFLOW (Transferred parameters, uncalibrated)"
2024-07-31 21:00:00+00:00,1.924,255.92,461.14,781.88,"MODELLED / DERIVED HYDROLOGIC INFLOW (Transferred parameters, uncalibrated)"
2024-07-31 22:00:00+00:00,4.021,262.35,466.46,767.78,"MODELLED / DERIVED HYDROLOGIC INFLOW (Transferred parameters, uncalibrated)"
2024-07-31 23:00:00+00:00,6.93,271.07,479.73,786.13,"MODELLED / DERIVED HYDROLOGIC INFLOW (Transferred parameters, uncalibrated)"
2024-08-01 00:00:00+00:00,8.772,284.16,508.87,859.73,"MODELLED / DERIVED HYDROLOGIC INFLOW (Transferred parameters, uncalibrated)"
2024-08-01 01:00:00+00:00,0.0,299.73,552.91,982.27,"MODELLED / DERIVED HYDROLOGIC INFLOW (Transferred parameters, uncalibrated)"
2024-08-01 02:00:00+00:00,0.0,311.44,574.2,1003.42,"MODELLED / DERIVED HYDROLOGIC INFLOW (Transferred parameters, uncalibrated)"
2024-08-01 03:00:00+00:00,0.001,319.79,581.74,979.21,"MODELLED / DERIVED HYDROLOGIC INFLOW (Transferred parameters, uncalibrated)"
2024-08-01 04:00:00+00:00,0.005,325.26,579.44,930.03,"MODELLED / DERIVED HYDROLOGIC INFLOW (Transferred parameters, uncalibrated)"
2024-08-01 05:00:00+00:00,0.012,328.24,569.99,867.87,"MODELLED / DERIVED HYDROLOGIC INFLOW (Transferred parameters, uncalibrated)"
2024-08-01 06:00:00+00:00,0.135,329.13,555.42,800.27,"MODELLED / DERIVED HYDROLOGIC INFLOW (Transferred parameters, uncalibrated)"
2024-08-01 07:00:00+00:00,0.17,328.27,537.56,733.6,"MODELLED / DERIVED HYDROLOGIC INFLOW (Transferred parameters, uncalibrated)"
2024-08-01 08:00:00+00:00,0.289,325.97,517.61,670.3,"MODELLED / DERIVED HYDROLOGIC INFLOW (Transferred parameters, uncalibrated)"
2024-08-01 09:00:00+00:00,0.24,322.55,496.79,613.07,"MODELLED / DERIVED HYDROLOGIC INFLOW (Transferred parameters, uncalibrated)"
2024-08-01 10:00:00+00:00,0.315,318.17,475.42,560.9,"MODELLED / DERIVED HYDROLOGIC INFLOW (Transferred parameters, uncalibrated)"
2024-08-01 11:00:00+00:00,0.224,313.05,454.2,515.02,"MODELLED / DERIVED HYDROLOGIC INFLOW (Transferred parameters, uncalibrated)"
2024-08-01 12:00:00+00:00,0.952,307.46,433.21,473.52,"MODELLED / DERIVED HYDROLOGIC INFLOW (Transferred parameters, uncalibrated)"
2024-08-01 13:00:00+00:00,0.023,301.76,415.23,446.6,"MODELLED / DERIVED HYDROLOGIC INFLOW (Transferred parameters, uncalibrated)"
2024-08-01 14:00:00+00:00,0.022,295.44,396.15,415.33,"MODELLED / DERIVED HYDROLOGIC INFLOW (Transferred parameters, uncalibrated)"
2024-08-01 15:00:00+00:00,0.109,288.64,376.9,384.46,"MODELLED / DERIVED HYDROLOGIC INFLOW (Transferred parameters, uncalibrated)"
2024-08-01 16:00:00+00:00,0.055,281.47,358.08,356.5,"MODELLED / DERIVED HYDROLOGIC INFLOW (Transferred parameters, uncalibrated)"
2024-08-01 17:00:00+00:00,0.155,274.06,339.7,330.6,"MODELLED / DERIVED HYDROLOGIC INFLOW (Transferred parameters, uncalibrated)"
2024-08-01 18:00:00+00:00,0.077,266.48,322.31,308.52,"MODELLED / DERIVED HYDROLOGIC INFLOW (Transferred parameters, uncalibrated)"
2024-08-01 19:00:00+00:00,0.155,258.82,305.62,288.43,"MODELLED / DERIVED HYDROLOGIC INFLOW (Transferred parameters, uncalibrated)"
2024-08-01 20:00:00+00:00,0.113,251.14,290.04,271.6,"MODELLED / DERIVED HYDROLOGIC INFLOW (Transferred parameters, uncalibrated)"
2024-08-01 21:00:00+00:00,0.023,243.45,275.34,256.74,"MODELLED / DERIVED HYDROLOGIC INFLOW (Transferred parameters, uncalibrated)"
2024-08-01 22:00:00+00:00,0.001,235.81,261.31,242.53,"MODELLED / DERIVED HYDROLOGIC INFLOW (Transferred parameters, uncalibrated)"
2024-08-01 23:00:00+00:00,0.0,228.25,248.03,229.19,"MODELLED / DERIVED HYDROLOGIC INFLOW (Transferred parameters, uncalibrated)"
2024-08-02 00:00:00+00:00,0.0,220.81,235.55,217.0,"MODELLED / DERIVED HYDROLOGIC INFLOW (Transferred parameters, uncalibrated)"
2024-08-02 01:00:00+00:00,0.0,213.52,223.87,206.03,"MODELLED / DERIVED HYDROLOGIC INFLOW (Transferred parameters, uncalibrated)"
2024-08-02 02:00:00+00:00,0.0,206.4,212.97,196.27,"MODELLED / DERIVED HYDROLOGIC INFLOW (Transferred parameters, uncalibrated)"
2024-08-02 03:00:00+00:00,0.049,199.48,202.85,187.66,"MODELLED / DERIVED HYDROLOGIC INFLOW (Transferred parameters, uncalibrated)"
2024-08-02 04:00:00+00:00,0.105,192.79,193.48,180.8,"MODELLED / DERIVED HYDROLOGIC INFLOW (Transferred parameters, uncalibrated)"
2024-08-02 05:00:00+00:00,0.219,186.34,185.05,175.99,"MODELLED / DERIVED HYDROLOGIC INFLOW (Transferred parameters, uncalibrated)"
2024-08-02 06:00:00+00:00,0.362,180.27,177.89,174.12,"MODELLED / DERIVED HYDROLOGIC INFLOW (Transferred parameters, uncalibrated)"
2024-08-02 07:00:00+00:00,0.386,174.65,172.28,175.89,"MODELLED / DERIVED HYDROLOGIC INFLOW (Transferred parameters, uncalibrated)"
2024-08-02 08:00:00+00:00,0.902,169.6,168.04,179.9,"MODELLED / DERIVED HYDROLOGIC INFLOW (Transferred parameters, uncalibrated)"
2024-08-02 09:00:00+00:00,1.277,165.52,166.86,192.28,"MODELLED / DERIVED HYDROLOGIC INFLOW (Transferred parameters, uncalibrated)"
2024-08-02 10:00:00+00:00,1.762,162.69,169.24,213.52,"MODELLED / DERIVED HYDROLOGIC INFLOW (Transferred parameters, uncalibrated)"
2024-08-02 11:00:00+00:00,0.788,160.98,175.65,245.08,"MODELLED / DERIVED HYDROLOGIC INFLOW (Transferred parameters, uncalibrated)"
2024-08-02 12:00:00+00:00,2.094,159.94,181.39,267.26,"MODELLED / DERIVED HYDROLOGIC INFLOW (Transferred parameters, uncalibrated)"
2024-08-02 13:00:00+00:00,1.613,160.22,191.66,302.81,"MODELLED / DERIVED HYDROLOGIC INFLOW (Transferred parameters, uncalibrated)"
2024-08-02 14:00:00+00:00,1.271,161.2,202.79,335.92,"MODELLED / DERIVED HYDROLOGIC INFLOW (Transferred parameters, uncalibrated)"
2024-08-02 15:00:00+00:00,1.372,162.57,213.3,362.22,"MODELLED / DERIVED HYDROLOGIC INFLOW (Transferred parameters, uncalibrated)"
2024-08-02 16:00:00+00:00,2.222,164.54,223.9,385.58,"MODELLED / DERIVED HYDROLOGIC INFLOW (Transferred parameters, uncalibrated)"
2024-08-02 17:00:00+00:00,2.848,167.78,237.66,417.98,"MODELLED / DERIVED HYDROLOGIC INFLOW (Transferred parameters, uncalibrated)"
2024-08-02 18:00:00+00:00,2.293,172.32,255.39,461.49,"MODELLED / DERIVED HYDROLOGIC INFLOW (Transferred parameters, uncalibrated)"
2024-08-02 19:00:00+00:00,2.201,177.56,273.41,500.85,"MODELLED / DERIVED HYDROLOGIC INFLOW (Transferred parameters, uncalibrated)"
2024-08-02 20:00:00+00:00,2.084,183.25,291.19,535.77,"MODELLED / DERIVED HYDROLOGIC INFLOW (Transferred parameters, uncalibrated)"
2024-08-02 21:00:00+00:00,1.482,189.04,308.02,565.14,"MODELLED / DERIVED HYDROLOGIC INFLOW (Transferred parameters, uncalibrated)"
2024-08-02 22:00:00+00:00,0.683,194.26,321.56,581.73,"MODELLED / DERIVED HYDROLOGIC INFLOW (Transferred parameters, uncalibrated)"
2024-08-02 23:00:00+00:00,0.347,198.33,329.67,579.91,"MODELLED / DERIVED HYDROLOGIC INFLOW (Transferred parameters, uncalibrated)"
2024-08-03 00:00:00+00:00,0.103,201.1,332.72,563.93,"MODELLED / DERIVED HYDROLOGIC INFLOW (Transferred parameters, uncalibrated)"
2024-08-03 01:00:00+00:00,0.508,202.69,331.32,537.39,"MODELLED / DERIVED HYDROLOGIC INFLOW (Transferred parameters, uncalibrated)"
2024-08-03 02:00:00+00:00,0.397,203.53,328.24,511.62,"MODELLED / DERIVED HYDROLOGIC INFLOW (Transferred parameters, uncalibrated)"
2024-08-03 03:00:00+00:00,0.196,203.59,323.33,484.93,"MODELLED / DERIVED HYDROLOGIC INFLOW (Transferred parameters, uncalibrated)"
2024-08-03 04:00:00+00:00,0.161,202.85,316.41,456.06,"MODELLED / DERIVED HYDROLOGIC INFLOW (Transferred parameters, uncalibrated)"
2024-08-03 05:00:00+00:00,0.181,201.41,308.04,426.89,"MODELLED / DERIVED HYDROLOGIC INFLOW (Transferred parameters, uncalibrated)"
2024-08-03 06:00:00+00:00,0.338,199.44,298.84,399.11,"MODELLED / DERIVED HYDROLOGIC INFLOW (Transferred parameters, uncalibrated)"
2024-08-03 07:00:00+00:00,0.68,197.24,289.8,375.47,"MODELLED / DERIVED HYDROLOGIC INFLOW (Transferred parameters, uncalibrated)"
2024-08-03 08:00:00+00:00,0.779,195.12,282.22,359.77,"MODELLED / DERIVED HYDROLOGIC INFLOW (Transferred parameters, uncalibrated)"
2024-08-03 09:00:00+00:00,0.803,193.15,276.07,350.21,"MODELLED / DERIVED HYDROLOGIC INFLOW (Transferred parameters, uncalibrated)"
2024-08-03 10:00:00+00:00,0.544,191.27,271.03,344.84,"MODELLED / DERIVED HYDROLOGIC INFLOW (Transferred parameters, uncalibrated)"
2024-08-03 11:00:00+00:00,0.451,189.27,265.9,338.58,"MODELLED / DERIVED HYDROLOGIC INFLOW (Transferred parameters, uncalibrated)"
2024-08-03 12:00:00+00:00,0.147,187.04,260.48,331.24,"MODELLED / DERIVED HYDROLOGIC INFLOW (Transferred parameters, uncalibrated)"
2024-08-03 13:00:00+00:00,0.065,184.4,253.86,319.58,"MODELLED / DERIVED HYDROLOGIC INFLOW (Transferred parameters, uncalibrated)"
2024-08-03 14:00:00+00:00,0.095,181.41,246.29,305.27,"MODELLED / DERIVED HYDROLOGIC INFLOW (Transferred parameters, uncalibrated)"
2024-08-03 15:00:00+00:00,0.493,178.25,238.38,290.64,"MODELLED / DERIVED HYDROLOGIC INFLOW (Transferred parameters, uncalibrated)"
2024-08-03 16:00:00+00:00,0.475,175.22,231.82,281.89,"MODELLED / DERIVED HYDROLOGIC INFLOW (Transferred parameters, uncalibrated)"
2024-08-03 17:00:00+00:00,0.362,172.27,226.1,276.01,"MODELLED / DERIVED HYDROLOGIC INFLOW (Transferred parameters, uncalibrated)"
2024-08-03 18:00:00+00:00,0.205,169.29,220.63,270.5,"MODELLED / DERIVED HYDROLOGIC INFLOW (Transferred parameters, uncalibrated)"
2024-08-03 19:00:00+00:00,0.169,166.19,214.89,263.47,"MODELLED / DERIVED HYDROLOGIC INFLOW (Transferred parameters, uncalibrated)"
2024-08-03 20:00:00+00:00,0.096,162.95,208.97,255.64,"MODELLED / DERIVED HYDROLOGIC INFLOW (Transferred parameters, uncalibrated)"
2024-08-03 21:00:00+00:00,0.065,159.58,202.76,246.73,"MODELLED / DERIVED HYDROLOGIC INFLOW (Transferred parameters, uncalibrated)"
2024-08-03 22:00:00+00:00,0.028,156.11,196.35,237.27,"MODELLED / DERIVED HYDROLOGIC INFLOW (Transferred parameters, uncalibrated)"
2024-08-03 23:00:00+00:00,0.0,152.59,189.86,227.4,"MODELLED / DERIVED HYDROLOGIC INFLOW (Transferred parameters, uncalibrated)"
2024-08-04 00:00:00+00:00,0.0,149.05,183.42,217.38,"MODELLED / DERIVED HYDROLOGIC INFLOW (Transferred parameters, uncalibrated)"
2024-08-04 01:00:00+00:00,0.0,145.51,177.13,207.73,"MODELLED / DERIVED HYDROLOGIC INFLOW (Transferred parameters, uncalibrated)"
2024-08-04 02:00:00+00:00,0.0,142.0,171.06,198.71,"MODELLED / DERIVED HYDROLOGIC INFLOW (Transferred parameters, uncalibrated)"
2024-08-04 03:00:00+00:00,0.007,138.53,165.23,190.44,"MODELLED / DERIVED HYDROLOGIC INFLOW (Transferred parameters, uncalibrated)"
2024-08-04 04:00:00+00:00,0.05,135.12,159.7,183.07,"MODELLED / DERIVED HYDROLOGIC INFLOW (Transferred parameters, uncalibrated)"
2024-08-04 05:00:00+00:00,0.06,131.79,154.47,177.12,"MODELLED / DERIVED HYDROLOGIC INFLOW (Transferred parameters, uncalibrated)"
2024-08-04 06:00:00+00:00,0.341,128.62,149.65,172.39,"MODELLED / DERIVED HYDROLOGIC INFLOW (Transferred parameters, uncalibrated)"
2024-08-04 07:00:00+00:00,0.417,125.76,146.25,172.48,"MODELLED / DERIVED HYDROLOGIC INFLOW (Transferred parameters, uncalibrated)"
2024-08-04 08:00:00+00:00,0.576,123.3,144.17,176.03,"MODELLED / DERIVED HYDROLOGIC INFLOW (Transferred parameters, uncalibrated)"
2024-08-04 09:00:00+00:00,1.116,121.43,143.75,183.63,"MODELLED / DERIVED HYDROLOGIC INFLOW (Transferred parameters, uncalibrated)"
2024-08-04 10:00:00+00:00,1.496,120.56,146.57,200.62,"MODELLED / DERIVED HYDROLOGIC INFLOW (Transferred parameters, uncalibrated)"
2024-08-04 11:00:00+00:00,1.59,120.82,152.94,226.86,"MODELLED / DERIVED HYDROLOGIC INFLOW (Transferred parameters, uncalibrated)"
2024-08-04 12:00:00+00:00,0.511,121.8,161.79,258.0,"MODELLED / DERIVED HYDROLOGIC INFLOW (Transferred parameters, uncalibrated)"
2024-08-04 13:00:00+00:00,0.085,122.54,168.2,275.56,"MODELLED / DERIVED HYDROLOGIC INFLOW (Transferred parameters, uncalibrated)"
2024-08-04 14:00:00+00:00,0.084,122.79,171.59,280.38,"MODELLED / DERIVED HYDROLOGIC INFLOW (Transferred parameters, uncalibrated)"
2024-08-04 15:00:00+00:00,0.104,122.64,172.92,278.3,"MODELLED / DERIVED HYDROLOGIC INFLOW (Transferred parameters, uncalibrated)"
2024-08-04 16:00:00+00:00,0.089,122.14,172.83,272.48,"MODELLED / DERIVED HYDROLOGIC INFLOW (Transferred parameters, uncalibrated)"
2024-08-04 17:00:00+00:00,0.765,121.53,171.76,264.42,"MODELLED / DERIVED HYDROLOGIC INFLOW (Transferred parameters, uncalibrated)"
2024-08-04 18:00:00+00:00,1.3,121.42,172.59,264.78,"MODELLED / DERIVED HYDROLOGIC INFLOW (Transferred parameters, uncalibrated)"
2024-08-04 19:00:00+00:00,1.018,122.03,176.45,276.27,"MODELLED / DERIVED HYDROLOGIC INFLOW (Transferred parameters, uncalibrated)"
2024-08-04 20:00:00+00:00,1.109,123.07,181.21,288.94,"MODELLED / DERIVED HYDROLOGIC INFLOW (Transferred parameters, uncalibrated)"
2024-08-04 21:00:00+00:00,0.251,124.31,186.78,303.43,"MODELLED / DERIVED HYDROLOGIC INFLOW (Transferred parameters, uncalibrated)"
2024-08-04 22:00:00+00:00,0.291,125.13,189.69,306.38,"MODELLED / DERIVED HYDROLOGIC INFLOW (Transferred parameters, uncalibrated)"
2024-08-04 23:00:00+00:00,0.096,125.56,191.04,304.44,"MODELLED / DERIVED HYDROLOGIC INFLOW (Transferred parameters, uncalibrated)"
