timestamp,rainfall_mm,lateral_inflow_low_m3s,lateral_inflow_base_m3s,lateral_inflow_high_m3s,provenance
2024-07-25 00:00:00+00:00,0.325,39.85,79.17,118.48,MODELLED / DERIVED LATERAL INFLOW (Ungauged intermediate drainage)
2024-07-25 01:00:00+00:00,0.612,40.38,81.09,127.47,MODELLED / DERIVED LATERAL INFLOW (Ungauged intermediate drainage)
2024-07-25 02:00:00+00:00,0.733,42.04,86.94,147.45,MODELLED / DERIVED LATERAL INFLOW (Ungauged intermediate drainage)
2024-07-25 03:00:00+00:00,0.873,44.8,95.61,172.04,MODELLED / DERIVED LATERAL INFLOW (Ungauged intermediate drainage)
2024-07-25 04:00:00+00:00,1.644,48.88,106.82,199.4,MODELLED / DERIVED LATERAL INFLOW (Ungauged intermediate drainage)
2024-07-25 05:00:00+00:00,2.323,55.77,126.16,248.6,MODELLED / DERIVED LATERAL INFLOW (Ungauged intermediate drainage)
2024-07-25 06:00:00+00:00,2.941,66.22,155.0,319.41,MODELLED / DERIVED LATERAL INFLOW (Ungauged intermediate drainage)
2024-07-25 07:00:00+00:00,3.443,80.52,193.02,407.26,MODELLED / DERIVED LATERAL INFLOW (Ungauged intermediate drainage)
2024-07-25 08:00:00+00:00,3.071,98.21,238.21,504.57,MODELLED / DERIVED LATERAL INFLOW (Ungauged intermediate drainage)
2024-07-25 09:00:00+00:00,1.212,116.37,280.49,579.32,MODELLED / DERIVED LATERAL INFLOW (Ungauged intermediate drainage)
2024-07-25 10:00:00+00:00,0.28,130.05,301.31,577.23,MODELLED / DERIVED LATERAL INFLOW (Ungauged intermediate drainage)
2024-07-25 11:00:00+00:00,0.746,138.37,301.7,521.33,MODELLED / DERIVED LATERAL INFLOW (Ungauged intermediate drainage)
2024-07-25 12:00:00+00:00,0.971,143.75,295.76,469.25,MODELLED / DERIVED LATERAL INFLOW (Ungauged intermediate drainage)
2024-07-25 13:00:00+00:00,0.13,147.04,288.04,430.61,MODELLED / DERIVED LATERAL INFLOW (Ungauged intermediate drainage)
2024-07-25 14:00:00+00:00,0.078,146.92,271.53,374.24,MODELLED / DERIVED LATERAL INFLOW (Ungauged intermediate drainage)
2024-07-25 15:00:00+00:00,0.495,144.45,251.17,318.94,MODELLED / DERIVED LATERAL INFLOW (Ungauged intermediate drainage)
2024-07-25 16:00:00+00:00,0.672,141.29,233.74,284.58,MODELLED / DERIVED LATERAL INFLOW (Ungauged intermediate drainage)
2024-07-25 17:00:00+00:00,0.473,137.99,220.18,266.99,MODELLED / DERIVED LATERAL INFLOW (Ungauged intermediate drainage)
2024-07-25 18:00:00+00:00,0.223,134.15,207.39,251.13,MODELLED / DERIVED LATERAL INFLOW (Ungauged intermediate drainage)
2024-07-25 19:00:00+00:00,0.883,129.72,193.73,230.68,MODELLED / DERIVED LATERAL INFLOW (Ungauged intermediate drainage)
2024-07-25 20:00:00+00:00,0.222,126.15,186.52,232.76,MODELLED / DERIVED LATERAL INFLOW (Ungauged intermediate drainage)
2024-07-25 21:00:00+00:00,0.131,121.8,176.6,220.17,MODELLED / DERIVED LATERAL INFLOW (Ungauged intermediate drainage)
2024-07-25 22:00:00+00:00,0.302,116.86,165.37,202.51,MODELLED / DERIVED LATERAL INFLOW (Ungauged intermediate drainage)
2024-07-25 23:00:00+00:00,0.042,111.88,155.64,190.8,MODELLED / DERIVED LATERAL INFLOW (Ungauged intermediate drainage)
2024-07-26 00:00:00+00:00,0.012,106.56,144.79,173.99,MODELLED / DERIVED LATERAL INFLOW (Ungauged intermediate drainage)
2024-07-26 01:00:00+00:00,0.13,101.16,134.11,157.09,MODELLED / DERIVED LATERAL INFLOW (Ungauged intermediate drainage)
2024-07-26 02:00:00+00:00,0.122,95.87,124.85,146.11,MODELLED / DERIVED LATERAL INFLOW (Ungauged intermediate drainage)
2024-07-26 03:00:00+00:00,0.086,90.75,116.76,138.13,MODELLED / DERIVED LATERAL INFLOW (Ungauged intermediate drainage)
2024-07-26 04:00:00+00:00,0.122,85.84,109.42,131.15,MODELLED / DERIVED LATERAL INFLOW (Ungauged intermediate drainage)
2024-07-26 05:00:00+00:00,0.177,81.25,103.29,126.67,MODELLED / DERIVED LATERAL INFLOW (Ungauged intermediate drainage)
2024-07-26 06:00:00+00:00,0.155,77.11,98.66,125.32,MODELLED / DERIVED LATERAL INFLOW (Ungauged intermediate drainage)
2024-07-26 07:00:00+00:00,0.246,73.37,94.9,124.45,MODELLED / DERIVED LATERAL INFLOW (Ungauged intermediate drainage)
2024-07-26 08:00:00+00:00,0.366,70.26,92.74,126.83,MODELLED / DERIVED LATERAL INFLOW (Ungauged intermediate drainage)
2024-07-26 09:00:00+00:00,0.443,67.95,92.67,133.69,MODELLED / DERIVED LATERAL INFLOW (Ungauged intermediate drainage)
2024-07-26 10:00:00+00:00,0.59,66.49,94.46,143.49,MODELLED / DERIVED LATERAL INFLOW (Ungauged intermediate drainage)
2024-07-26 11:00:00+00:00,0.437,65.95,98.47,157.58,MODELLED / DERIVED LATERAL INFLOW (Ungauged intermediate drainage)
2024-07-26 12:00:00+00:00,0.513,65.76,101.97,166.17,MODELLED / DERIVED LATERAL INFLOW (Ungauged intermediate drainage)
2024-07-26 13:00:00+00:00,0.33,65.92,105.75,174.34,MODELLED / DERIVED LATERAL INFLOW (Ungauged intermediate drainage)
2024-07-26 14:00:00+00:00,0.261,65.91,107.7,175.18,MODELLED / DERIVED LATERAL INFLOW (Ungauged intermediate drainage)
2024-07-26 15:00:00+00:00,0.444,65.69,108.03,171.38,MODELLED / DERIVED LATERAL INFLOW (Ungauged intermediate drainage)
2024-07-26 16:00:00+00:00,1.544,66.17,109.55,172.47,MODELLED / DERIVED LATERAL INFLOW (Ungauged intermediate drainage)
2024-07-26 17:00:00+00:00,0.902,69.26,121.65,209.75,MODELLED / DERIVED LATERAL INFLOW (Ungauged intermediate drainage)
2024-07-26 18:00:00+00:00,0.936,72.77,132.16,232.46,MODELLED / DERIVED LATERAL INFLOW (Ungauged intermediate drainage)
2024-07-26 19:00:00+00:00,0.746,76.51,141.89,249.53,MODELLED / DERIVED LATERAL INFLOW (Ungauged intermediate drainage)
2024-07-26 20:00:00+00:00,0.596,79.85,148.83,256.09,MODELLED / DERIVED LATERAL INFLOW (Ungauged intermediate drainage)
2024-07-26 21:00:00+00:00,0.499,82.46,152.51,253.44,MODELLED / DERIVED LATERAL INFLOW (Ungauged intermediate drainage)
2024-07-26 22:00:00+00:00,0.617,84.33,153.4,244.86,MODELLED / DERIVED LATERAL INFLOW (Ungauged intermediate drainage)
2024-07-26 23:00:00+00:00,0.472,85.81,153.78,239.04,MODELLED / DERIVED LATERAL INFLOW (Ungauged intermediate drainage)
2024-07-27 00:00:00+00:00,0.227,86.58,152.32,229.93,MODELLED / DERIVED LATERAL INFLOW (Ungauged intermediate drainage)
2024-07-27 01:00:00+00:00,0.257,86.29,147.68,213.24,MODELLED / DERIVED LATERAL INFLOW (Ungauged intermediate drainage)
2024-07-27 02:00:00+00:00,0.246,85.31,141.97,197.41,MODELLED / DERIVED LATERAL INFLOW (Ungauged intermediate drainage)
2024-07-27 03:00:00+00:00,0.223,83.82,135.82,183.44,MODELLED / DERIVED LATERAL INFLOW (Ungauged intermediate drainage)
2024-07-27 04:00:00+00:00,0.216,81.95,129.54,171.22,MODELLED / DERIVED LATERAL INFLOW (Ungauged intermediate drainage)
2024-07-27 05:00:00+00:00,0.968,80.14,123.7,161.21,MODELLED / DERIVED LATERAL INFLOW (Ungauged intermediate drainage)
2024-07-27 06:00:00+00:00,1.934,80.41,125.8,177.55,MODELLED / DERIVED LATERAL INFLOW (Ungauged intermediate drainage)
2024-07-27 07:00:00+00:00,0.898,83.87,140.43,230.45,MODELLED / DERIVED LATERAL INFLOW (Ungauged intermediate drainage)
2024-07-27 08:00:00+00:00,0.25,87.02,150.63,254.65,MODELLED / DERIVED LATERAL INFLOW (Ungauged intermediate drainage)
2024-07-27 09:00:00+00:00,0.169,88.45,152.4,247.03,MODELLED / DERIVED LATERAL INFLOW (Ungauged intermediate drainage)
2024-07-27 10:00:00+00:00,0.458,88.54,149.23,227.52,MODELLED / DERIVED LATERAL INFLOW (Ungauged intermediate drainage)
2024-07-27 11:00:00+00:00,0.437,88.29,146.24,215.31,MODELLED / DERIVED LATERAL INFLOW (Ungauged intermediate drainage)
2024-07-27 12:00:00+00:00,0.114,87.63,142.99,205.77,MODELLED / DERIVED LATERAL INFLOW (Ungauged intermediate drainage)
2024-07-27 13:00:00+00:00,0.003,85.95,136.67,188.11,MODELLED / DERIVED LATERAL INFLOW (Ungauged intermediate drainage)
2024-07-27 14:00:00+00:00,0.003,83.56,128.61,166.95,MODELLED / DERIVED LATERAL INFLOW (Ungauged intermediate drainage)
2024-07-27 15:00:00+00:00,0.006,80.72,120.06,147.44,MODELLED / DERIVED LATERAL INFLOW (Ungauged intermediate drainage)
2024-07-27 16:00:00+00:00,0.011,77.63,111.7,131.13,MODELLED / DERIVED LATERAL INFLOW (Ungauged intermediate drainage)
2024-07-27 17:00:00+00:00,0.072,74.45,103.9,118.27,MODELLED / DERIVED LATERAL INFLOW (Ungauged intermediate drainage)
2024-07-27 18:00:00+00:00,0.169,71.29,97.08,110.33,MODELLED / DERIVED LATERAL INFLOW (Ungauged intermediate drainage)
2024-07-27 19:00:00+00:00,0.136,68.36,92.06,108.22,MODELLED / DERIVED LATERAL INFLOW (Ungauged intermediate drainage)
2024-07-27 20:00:00+00:00,0.159,65.59,87.95,107.29,MODELLED / DERIVED LATERAL INFLOW (Ungauged intermediate drainage)
2024-07-27 21:00:00+00:00,0.225,63.07,84.84,107.79,MODELLED / DERIVED LATERAL INFLOW (Ungauged intermediate drainage)
2024-07-27 22:00:00+00:00,0.025,60.86,83.01,110.78,MODELLED / DERIVED LATERAL INFLOW (Ungauged intermediate drainage)
2024-07-27 23:00:00+00:00,0.0,58.66,80.3,107.76,MODELLED / DERIVED LATERAL INFLOW (Ungauged intermediate drainage)
2024-07-28 00:00:00+00:00,0.0,56.52,77.39,102.57,MODELLED / DERIVED LATERAL INFLOW (Ungauged intermediate drainage)
2024-07-28 01:00:00+00:00,0.031,54.49,74.53,97.28,MODELLED / DERIVED LATERAL INFLOW (Ungauged intermediate drainage)
2024-07-28 02:00:00+00:00,0.001,52.55,71.85,93.57,MODELLED / DERIVED LATERAL INFLOW (Ungauged intermediate drainage)
2024-07-28 03:00:00+00:00,0.001,50.75,69.42,89.87,MODELLED / DERIVED LATERAL INFLOW (Ungauged intermediate drainage)
2024-07-28 04:00:00+00:00,0.001,49.07,67.25,86.72,MODELLED / DERIVED LATERAL INFLOW (Ungauged intermediate drainage)
2024-07-28 05:00:00+00:00,0.015,47.52,65.35,84.17,MODELLED / DERIVED LATERAL INFLOW (Ungauged intermediate drainage)
2024-07-28 06:00:00+00:00,0.062,46.12,63.72,82.61,MODELLED / DERIVED LATERAL INFLOW (Ungauged intermediate drainage)
2024-07-28 07:00:00+00:00,0.206,44.91,62.48,83.12,MODELLED / DERIVED LATERAL INFLOW (Ungauged intermediate drainage)
2024-07-28 08:00:00+00:00,0.299,44.1,62.89,88.83,MODELLED / DERIVED LATERAL INFLOW (Ungauged intermediate drainage)
2024-07-28 09:00:00+00:00,0.404,43.85,65.01,98.38,MODELLED / DERIVED LATERAL INFLOW (Ungauged intermediate drainage)
2024-07-28 10:00:00+00:00,1.383,44.62,69.19,111.47,MODELLED / DERIVED LATERAL INFLOW (Ungauged intermediate drainage)
2024-07-28 11:00:00+00:00,0.819,48.0,83.24,155.11,MODELLED / DERIVED LATERAL INFLOW (Ungauged intermediate drainage)
2024-07-28 12:00:00+00:00,0.557,51.85,95.97,184.07,MODELLED / DERIVED LATERAL INFLOW (Ungauged intermediate drainage)
2024-07-28 13:00:00+00:00,0.028,55.18,105.01,196.82,MODELLED / DERIVED LATERAL INFLOW (Ungauged intermediate drainage)
2024-07-28 14:00:00+00:00,0.003,57.07,106.94,185.59,MODELLED / DERIVED LATERAL INFLOW (Ungauged intermediate drainage)
2024-07-28 15:00:00+00:00,0.0,57.88,105.17,167.24,MODELLED / DERIVED LATERAL INFLOW (Ungauged intermediate drainage)
2024-07-28 16:00:00+00:00,0.019,57.92,101.42,148.39,MODELLED / DERIVED LATERAL INFLOW (Ungauged intermediate drainage)
2024-07-28 17:00:00+00:00,0.136,57.44,96.78,132.3,MODELLED / DERIVED LATERAL INFLOW (Ungauged intermediate drainage)
2024-07-28 18:00:00+00:00,0.25,56.7,92.7,122.98,MODELLED / DERIVED LATERAL INFLOW (Ungauged intermediate drainage)
2024-07-28 19:00:00+00:00,1.554,56.55,90.56,121.01,MODELLED / DERIVED LATERAL INFLOW (Ungauged intermediate drainage)
2024-07-28 20:00:00+00:00,1.697,59.71,101.83,163.5,MODELLED / DERIVED LATERAL INFLOW (Ungauged intermediate drainage)
2024-07-28 21:00:00+00:00,0.717,65.09,120.08,218.34,MODELLED / DERIVED LATERAL INFLOW (Ungauged intermediate drainage)
2024-07-28 22:00:00+00:00,0.58,69.77,131.85,239.21,MODELLED / DERIVED LATERAL INFLOW (Ungauged intermediate drainage)
2024-07-28 23:00:00+00:00,1.141,73.77,138.98,242.99,MODELLED / DERIVED LATERAL INFLOW (Ungauged intermediate drainage)
2024-07-29 00:00:00+00:00,0.541,78.16,148.35,257.96,MODELLED / DERIVED LATERAL INFLOW (Ungauged intermediate drainage)
2024-07-29 01:00:00+00:00,0.0,81.21,152.25,254.33,MODELLED / DERIVED LATERAL INFLOW (Ungauged intermediate drainage)
2024-07-29 02:00:00+00:00,0.0,82.31,148.67,228.36,MODELLED / DERIVED LATERAL INFLOW (Ungauged intermediate drainage)
2024-07-29 03:00:00+00:00,0.003,81.99,141.45,198.64,MODELLED / DERIVED LATERAL INFLOW (Ungauged intermediate drainage)
2024-07-29 04:00:00+00:00,0.011,80.64,132.58,171.31,MODELLED / DERIVED LATERAL INFLOW (Ungauged intermediate drainage)
2024-07-29 05:00:00+00:00,0.072,78.62,123.26,148.58,MODELLED / DERIVED LATERAL INFLOW (Ungauged intermediate drainage)
2024-07-29 06:00:00+00:00,0.077,76.15,114.38,132.42,MODELLED / DERIVED LATERAL INFLOW (Ungauged intermediate drainage)
2024-07-29 07:00:00+00:00,0.071,73.4,106.25,120.85,MODELLED / DERIVED LATERAL INFLOW (Ungauged intermediate drainage)
2024-07-29 08:00:00+00:00,0.12,70.54,98.93,112.35,MODELLED / DERIVED LATERAL INFLOW (Ungauged intermediate drainage)
2024-07-29 09:00:00+00:00,0.321,67.78,93.0,107.78,MODELLED / DERIVED LATERAL INFLOW (Ungauged intermediate drainage)
2024-07-29 10:00:00+00:00,0.338,65.6,90.05,111.61,MODELLED / DERIVED LATERAL INFLOW (Ungauged intermediate drainage)
2024-07-29 11:00:00+00:00,0.198,63.86,88.89,118.14,MODELLED / DERIVED LATERAL INFLOW (Ungauged intermediate drainage)
2024-07-29 12:00:00+00:00,0.415,62.27,87.55,120.43,MODELLED / DERIVED LATERAL INFLOW (Ungauged intermediate drainage)
2024-07-29 13:00:00+00:00,0.015,61.13,88.22,128.06,MODELLED / DERIVED LATERAL INFLOW (Ungauged intermediate drainage)
2024-07-29 14:00:00+00:00,0.019,59.68,86.4,123.38,MODELLED / DERIVED LATERAL INFLOW (Ungauged intermediate drainage)
2024-07-29 15:00:00+00:00,0.195,58.11,83.61,115.86,MODELLED / DERIVED LATERAL INFLOW (Ungauged intermediate drainage)
2024-07-29 16:00:00+00:00,1.048,57.02,82.07,113.98,MODELLED / DERIVED LATERAL INFLOW (Ungauged intermediate drainage)
2024-07-29 17:00:00+00:00,1.517,58.32,89.37,141.33,MODELLED / DERIVED LATERAL INFLOW (Ungauged intermediate drainage)
2024-07-29 18:00:00+00:00,0.952,62.11,104.82,188.85,MODELLED / DERIVED LATERAL INFLOW (Ungauged intermediate drainage)
2024-07-29 19:00:00+00:00,1.045,66.41,118.36,218.69,MODELLED / DERIVED LATERAL INFLOW (Ungauged intermediate drainage)
2024-07-29 20:00:00+00:00,2.102,71.6,131.71,242.8,MODELLED / DERIVED LATERAL INFLOW (Ungauged intermediate drainage)
2024-07-29 21:00:00+00:00,1.239,79.25,153.86,295.02,MODELLED / DERIVED LATERAL INFLOW (Ungauged intermediate drainage)
2024-07-29 22:00:00+00:00,1.449,86.72,170.91,320.78,MODELLED / DERIVED LATERAL INFLOW (Ungauged intermediate drainage)
2024-07-29 23:00:00+00:00,2.788,94.86,187.16,342.48,MODELLED / DERIVED LATERAL INFLOW (Ungauged intermediate drainage)
2024-07-30 00:00:00+00:00,1.601,105.74,214.17,401.83,MODELLED / DERIVED LATERAL INFLOW (Ungauged intermediate drainage)
2024-07-30 01:00:00+00:00,0.776,115.42,233.33,426.1,MODELLED / DERIVED LATERAL INFLOW (Ungauged intermediate drainage)
2024-07-30 02:00:00+00:00,0.55,122.16,240.02,410.72,MODELLED / DERIVED LATERAL INFLOW (Ungauged intermediate drainage)
2024-07-30 03:00:00+00:00,0.068,125.94,237.72,377.15,MODELLED / DERIVED LATERAL INFLOW (Ungauged intermediate drainage)
2024-07-30 04:00:00+00:00,0.018,126.52,226.14,326.01,MODELLED / DERIVED LATERAL INFLOW (Ungauged intermediate drainage)
2024-07-30 05:00:00+00:00,0.225,124.9,210.2,274.33,MODELLED / DERIVED LATERAL INFLOW (Ungauged intermediate drainage)
2024-07-30 06:00:00+00:00,0.32,122.02,194.34,235.73,MODELLED / DERIVED LATERAL INFLOW (Ungauged intermediate drainage)
2024-07-30 07:00:00+00:00,0.331,118.51,180.12,209.49,MODELLED / DERIVED LATERAL INFLOW (Ungauged intermediate drainage)
2024-07-30 08:00:00+00:00,0.764,114.82,167.74,191.54,MODELLED / DERIVED LATERAL INFLOW (Ungauged intermediate drainage)
2024-07-30 09:00:00+00:00,0.936,112.1,161.17,192.98,MODELLED / DERIVED LATERAL INFLOW (Ungauged intermediate drainage)
2024-07-30 10:00:00+00:00,0.482,110.34,159.4,205.93,MODELLED / DERIVED LATERAL INFLOW (Ungauged intermediate drainage)
2024-07-30 11:00:00+00:00,1.037,108.54,156.19,206.83,MODELLED / DERIVED LATERAL INFLOW (Ungauged intermediate drainage)
2024-07-30 12:00:00+00:00,0.57,107.76,157.78,222.0,MODELLED / DERIVED LATERAL INFLOW (Ungauged intermediate drainage)
2024-07-30 13:00:00+00:00,0.015,106.52,157.05,224.15,MODELLED / DERIVED LATERAL INFLOW (Ungauged intermediate drainage)
2024-07-30 14:00:00+00:00,0.059,103.99,150.52,204.62,MODELLED / DERIVED LATERAL INFLOW (Ungauged intermediate drainage)
2024-07-30 15:00:00+00:00,0.095,100.59,141.6,182.26,MODELLED / DERIVED LATERAL INFLOW (Ungauged intermediate drainage)
2024-07-30 16:00:00+00:00,0.04,96.62,132.16,162.64,MODELLED / DERIVED LATERAL INFLOW (Ungauged intermediate drainage)
2024-07-30 17:00:00+00:00,0.033,92.34,122.49,144.67,MODELLED / DERIVED LATERAL INFLOW (Ungauged intermediate drainage)
2024-07-30 18:00:00+00:00,0.17,88.0,113.29,129.55,MODELLED / DERIVED LATERAL INFLOW (Ungauged intermediate drainage)
2024-07-30 19:00:00+00:00,0.649,84.03,106.12,121.97,MODELLED / DERIVED LATERAL INFLOW (Ungauged intermediate drainage)
2024-07-30 20:00:00+00:00,0.395,81.36,104.83,133.13,MODELLED / DERIVED LATERAL INFLOW (Ungauged intermediate drainage)
2024-07-30 21:00:00+00:00,0.105,79.01,104.07,140.55,MODELLED / DERIVED LATERAL INFLOW (Ungauged intermediate drainage)
2024-07-30 22:00:00+00:00,0.215,76.37,101.15,137.1,MODELLED / DERIVED LATERAL INFLOW (Ungauged intermediate drainage)
2024-07-30 23:00:00+00:00,0.251,73.84,98.45,134.32,MODELLED / DERIVED LATERAL INFLOW (Ungauged intermediate drainage)
2024-07-31 00:00:00+00:00,0.549,71.62,96.41,133.04,MODELLED / DERIVED LATERAL INFLOW (Ungauged intermediate drainage)
2024-07-31 01:00:00+00:00,0.511,70.33,97.6,141.88,MODELLED / DERIVED LATERAL INFLOW (Ungauged intermediate drainage)
2024-07-31 02:00:00+00:00,0.613,69.68,100.0,151.43,MODELLED / DERIVED LATERAL INFLOW (Ungauged intermediate drainage)
2024-07-31 03:00:00+00:00,0.151,69.54,103.78,163.31,MODELLED / DERIVED LATERAL INFLOW (Ungauged intermediate drainage)
2024-07-31 04:00:00+00:00,0.05,68.74,103.69,159.52,MODELLED / DERIVED LATERAL INFLOW (Ungauged intermediate drainage)
2024-07-31 05:00:00+00:00,0.091,67.39,100.83,148.28,MODELLED / DERIVED LATERAL INFLOW (Ungauged intermediate drainage)
2024-07-31 06:00:00+00:00,0.318,65.77,97.13,137.25,MODELLED / DERIVED LATERAL INFLOW (Ungauged intermediate drainage)
2024-07-31 07:00:00+00:00,1.647,64.98,95.67,135.07,MODELLED / DERIVED LATERAL INFLOW (Ungauged intermediate drainage)
2024-07-31 08:00:00+00:00,3.932,68.59,108.58,178.81,MODELLED / DERIVED LATERAL INFLOW (Ungauged intermediate drainage)
2024-07-31 09:00:00+00:00,0.95,79.05,148.4,303.25,MODELLED / DERIVED LATERAL INFLOW (Ungauged intermediate drainage)
2024-07-31 10:00:00+00:00,1.646,88.0,171.61,341.2,MODELLED / DERIVED LATERAL INFLOW (Ungauged intermediate drainage)
2024-07-31 11:00:00+00:00,1.774,97.22,192.96,371.96,MODELLED / DERIVED LATERAL INFLOW (Ungauged intermediate drainage)
2024-07-31 12:00:00+00:00,0.651,106.25,212.61,398.09,MODELLED / DERIVED LATERAL INFLOW (Ungauged intermediate drainage)
2024-07-31 13:00:00+00:00,8.844,115.77,222.11,384.3,MODELLED / DERIVED LATERAL INFLOW (Ungauged intermediate drainage)
2024-07-31 14:00:00+00:00,9.414,143.41,303.39,621.95,MODELLED / DERIVED LATERAL INFLOW (Ungauged intermediate drainage)
2024-07-31 15:00:00+00:00,11.782,185.59,420.6,921.19,MODELLED / DERIVED LATERAL INFLOW (Ungauged intermediate drainage)
2024-07-31 16:00:00+00:00,5.664,239.94,571.18,1278.71,MODELLED / DERIVED LATERAL INFLOW (Ungauged intermediate drainage)
2024-07-31 17:00:00+00:00,3.337,287.62,672.39,1410.85,MODELLED / DERIVED LATERAL INFLOW (Ungauged intermediate drainage)
2024-07-31 18:00:00+00:00,2.742,324.12,722.85,1382.69,MODELLED / DERIVED LATERAL INFLOW (Ungauged intermediate drainage)
2024-07-31 19:00:00+00:00,4.269,351.1,738.96,1284.44,MODELLED / DERIVED LATERAL INFLOW (Ungauged intermediate drainage)
2024-07-31 20:00:00+00:00,4.274,373.92,749.69,1221.6,MODELLED / DERIVED LATERAL INFLOW (Ungauged intermediate drainage)
2024-07-31 21:00:00+00:00,2.64,392.6,755.03,1175.22,MODELLED / DERIVED LATERAL INFLOW (Ungauged intermediate drainage)
2024-07-31 22:00:00+00:00,2.328,404.23,741.36,1088.47,MODELLED / DERIVED LATERAL INFLOW (Ungauged intermediate drainage)
2024-07-31 23:00:00+00:00,3.577,410.36,716.32,992.27,MODELLED / DERIVED LATERAL INFLOW (Ungauged intermediate drainage)
2024-08-01 00:00:00+00:00,4.764,415.58,698.61,945.86,MODELLED / DERIVED LATERAL INFLOW (Ungauged intermediate drainage)
2024-08-01 01:00:00+00:00,0.027,420.71,694.69,957.94,MODELLED / DERIVED LATERAL INFLOW (Ungauged intermediate drainage)
2024-08-01 02:00:00+00:00,0.0,415.59,653.45,836.27,MODELLED / DERIVED LATERAL INFLOW (Ungauged intermediate drainage)
2024-08-01 03:00:00+00:00,0.0,403.24,596.97,691.59,MODELLED / DERIVED LATERAL INFLOW (Ungauged intermediate drainage)
2024-08-01 04:00:00+00:00,0.0,385.98,535.24,556.81,MODELLED / DERIVED LATERAL INFLOW (Ungauged intermediate drainage)
2024-08-01 05:00:00+00:00,0.001,365.6,473.9,442.85,MODELLED / DERIVED LATERAL INFLOW (Ungauged intermediate drainage)
2024-08-01 06:00:00+00:00,0.028,343.47,416.11,351.43,MODELLED / DERIVED LATERAL INFLOW (Ungauged intermediate drainage)
2024-08-01 07:00:00+00:00,0.051,320.59,363.47,281.3,MODELLED / DERIVED LATERAL INFLOW (Ungauged intermediate drainage)
2024-08-01 08:00:00+00:00,0.051,297.7,316.63,229.14,MODELLED / DERIVED LATERAL INFLOW (Ungauged intermediate drainage)
2024-08-01 09:00:00+00:00,0.021,275.32,275.66,190.65,MODELLED / DERIVED LATERAL INFLOW (Ungauged intermediate drainage)
2024-08-01 10:00:00+00:00,0.124,253.88,240.31,161.54,MODELLED / DERIVED LATERAL INFLOW (Ungauged intermediate drainage)
2024-08-01 11:00:00+00:00,0.197,233.65,210.84,143.29,MODELLED / DERIVED LATERAL INFLOW (Ungauged intermediate drainage)
2024-08-01 12:00:00+00:00,0.435,215.02,187.04,133.72,MODELLED / DERIVED LATERAL INFLOW (Ungauged intermediate drainage)
2024-08-01 13:00:00+00:00,0.04,198.33,169.86,136.1,MODELLED / DERIVED LATERAL INFLOW (Ungauged intermediate drainage)
2024-08-01 14:00:00+00:00,0.057,182.71,153.59,129.53,MODELLED / DERIVED LATERAL INFLOW (Ungauged intermediate drainage)
2024-08-01 15:00:00+00:00,0.028,168.19,139.1,122.06,MODELLED / DERIVED LATERAL INFLOW (Ungauged intermediate drainage)
2024-08-01 16:00:00+00:00,0.028,154.82,126.41,114.26,MODELLED / DERIVED LATERAL INFLOW (Ungauged intermediate drainage)
2024-08-01 17:00:00+00:00,0.083,142.59,115.46,107.38,MODELLED / DERIVED LATERAL INFLOW (Ungauged intermediate drainage)
2024-08-01 18:00:00+00:00,0.26,131.52,106.48,103.52,MODELLED / DERIVED LATERAL INFLOW (Ungauged intermediate drainage)
2024-08-01 19:00:00+00:00,0.192,121.85,100.72,106.78,MODELLED / DERIVED LATERAL INFLOW (Ungauged intermediate drainage)
2024-08-01 20:00:00+00:00,0.124,113.22,96.31,109.65,MODELLED / DERIVED LATERAL INFLOW (Ungauged intermediate drainage)
2024-08-01 21:00:00+00:00,0.039,105.36,92.29,110.0,MODELLED / DERIVED LATERAL INFLOW (Ungauged intermediate drainage)
2024-08-01 22:00:00+00:00,0.0,98.18,88.06,106.82,MODELLED / DERIVED LATERAL INFLOW (Ungauged intermediate drainage)
2024-08-01 23:00:00+00:00,0.0,91.67,84.02,101.65,MODELLED / DERIVED LATERAL INFLOW (Ungauged intermediate drainage)
2024-08-02 00:00:00+00:00,0.0,85.77,80.31,96.48,MODELLED / DERIVED LATERAL INFLOW (Ungauged intermediate drainage)
2024-08-02 01:00:00+00:00,0.003,80.45,76.98,91.93,MODELLED / DERIVED LATERAL INFLOW (Ungauged intermediate drainage)
2024-08-02 02:00:00+00:00,0.0,75.66,74.04,88.26,MODELLED / DERIVED LATERAL INFLOW (Ungauged intermediate drainage)
2024-08-02 03:00:00+00:00,0.001,71.37,71.48,85.29,MODELLED / DERIVED LATERAL INFLOW (Ungauged intermediate drainage)
2024-08-02 04:00:00+00:00,0.017,67.52,69.27,82.99,MODELLED / DERIVED LATERAL INFLOW (Ungauged intermediate drainage)
2024-08-02 05:00:00+00:00,0.061,64.1,67.38,81.74,MODELLED / DERIVED LATERAL INFLOW (Ungauged intermediate drainage)
2024-08-02 06:00:00+00:00,0.098,61.06,65.88,82.42,MODELLED / DERIVED LATERAL INFLOW (Ungauged intermediate drainage)
2024-08-02 07:00:00+00:00,0.164,58.37,65.04,84.81,MODELLED / DERIVED LATERAL INFLOW (Ungauged intermediate drainage)
2024-08-02 08:00:00+00:00,0.595,56.3,65.33,89.63,MODELLED / DERIVED LATERAL INFLOW (Ungauged intermediate drainage)
2024-08-02 09:00:00+00:00,0.686,55.7,70.27,108.36,MODELLED / DERIVED LATERAL INFLOW (Ungauged intermediate drainage)
2024-08-02 10:00:00+00:00,0.39,56.24,77.98,131.66,MODELLED / DERIVED LATERAL INFLOW (Ungauged intermediate drainage)
2024-08-02 11:00:00+00:00,1.438,57.35,84.3,144.24,MODELLED / DERIVED LATERAL INFLOW (Ungauged intermediate drainage)
2024-08-02 12:00:00+00:00,5.972,62.94,100.97,186.33,MODELLED / DERIVED LATERAL INFLOW (Ungauged intermediate drainage)
2024-08-02 13:00:00+00:00,3.401,80.39,163.59,375.79,MODELLED / DERIVED LATERAL INFLOW (Ungauged intermediate drainage)
2024-08-02 14:00:00+00:00,1.585,99.67,220.48,502.24,MODELLED / DERIVED LATERAL INFLOW (Ungauged intermediate drainage)
2024-08-02 15:00:00+00:00,1.071,115.69,255.55,537.6,MODELLED / DERIVED LATERAL INFLOW (Ungauged intermediate drainage)
2024-08-02 16:00:00+00:00,0.421,127.61,272.95,522.37,MODELLED / DERIVED LATERAL INFLOW (Ungauged intermediate drainage)
2024-08-02 17:00:00+00:00,0.445,134.93,273.83,470.18,MODELLED / DERIVED LATERAL INFLOW (Ungauged intermediate drainage)
2024-08-02 18:00:00+00:00,0.523,138.84,266.08,412.74,MODELLED / DERIVED LATERAL INFLOW (Ungauged intermediate drainage)
2024-08-02 19:00:00+00:00,2.101,141.03,255.04,363.11,MODELLED / DERIVED LATERAL INFLOW (Ungauged intermediate drainage)
2024-08-02 20:00:00+00:00,3.494,145.89,257.89,373.14,MODELLED / DERIVED LATERAL INFLOW (Ungauged intermediate drainage)
2024-08-02 21:00:00+00:00,3.124,155.44,280.13,444.73,MODELLED / DERIVED LATERAL INFLOW (Ungauged intermediate drainage)
2024-08-02 22:00:00+00:00,1.609,166.73,306.97,514.8,MODELLED / DERIVED LATERAL INFLOW (Ungauged intermediate drainage)
2024-08-02 23:00:00+00:00,0.372,175.23,320.54,527.95,MODELLED / DERIVED LATERAL INFLOW (Ungauged intermediate drainage)
2024-08-03 00:00:00+00:00,0.043,178.73,315.37,482.46,MODELLED / DERIVED LATERAL INFLOW (Ungauged intermediate drainage)
2024-08-03 01:00:00+00:00,0.495,178.16,298.08,413.37,MODELLED / DERIVED LATERAL INFLOW (Ungauged intermediate drainage)
2024-08-03 02:00:00+00:00,0.424,175.5,279.34,359.22,MODELLED / DERIVED LATERAL INFLOW (Ungauged intermediate drainage)
2024-08-03 03:00:00+00:00,0.117,171.12,259.68,313.91,MODELLED / DERIVED LATERAL INFLOW (Ungauged intermediate drainage)
2024-08-03 04:00:00+00:00,0.13,164.94,237.68,268.1,MODELLED / DERIVED LATERAL INFLOW (Ungauged intermediate drainage)
2024-08-03 05:00:00+00:00,0.249,157.7,215.93,229.3,MODELLED / DERIVED LATERAL INFLOW (Ungauged intermediate drainage)
2024-08-03 06:00:00+00:00,0.755,150.32,196.79,202.07,MODELLED / DERIVED LATERAL INFLOW (Ungauged intermediate drainage)
2024-08-03 07:00:00+00:00,1.62,144.44,185.1,198.83,MODELLED / DERIVED LATERAL INFLOW (Ungauged intermediate drainage)
2024-08-03 08:00:00+00:00,1.413,141.58,185.93,231.43,MODELLED / DERIVED LATERAL INFLOW (Ungauged intermediate drainage)
2024-08-03 09:00:00+00:00,1.42,140.5,191.16,264.64,MODELLED / DERIVED LATERAL INFLOW (Ungauged intermediate drainage)
2024-08-03 10:00:00+00:00,1.639,140.82,198.88,294.81,MODELLED / DERIVED LATERAL INFLOW (Ungauged intermediate drainage)
2024-08-03 11:00:00+00:00,0.93,142.34,209.45,326.91,MODELLED / DERIVED LATERAL INFLOW (Ungauged intermediate drainage)
2024-08-03 12:00:00+00:00,0.427,142.95,214.09,332.3,MODELLED / DERIVED LATERAL INFLOW (Ungauged intermediate drainage)
2024-08-03 13:00:00+00:00,0.033,141.64,210.85,312.58,MODELLED / DERIVED LATERAL INFLOW (Ungauged intermediate drainage)
2024-08-03 14:00:00+00:00,0.151,138.35,200.25,274.56,MODELLED / DERIVED LATERAL INFLOW (Ungauged intermediate drainage)
2024-08-03 15:00:00+00:00,0.547,133.95,187.46,239.24,MODELLED / DERIVED LATERAL INFLOW (Ungauged intermediate drainage)
2024-08-03 16:00:00+00:00,0.757,129.79,177.84,221.73,MODELLED / DERIVED LATERAL INFLOW (Ungauged intermediate drainage)
2024-08-03 17:00:00+00:00,0.726,126.36,172.17,218.81,MODELLED / DERIVED LATERAL INFLOW (Ungauged intermediate drainage)
2024-08-03 18:00:00+00:00,0.513,123.37,168.47,220.25,MODELLED / DERIVED LATERAL INFLOW (Ungauged intermediate drainage)
2024-08-03 19:00:00+00:00,0.105,120.14,163.99,216.44,MODELLED / DERIVED LATERAL INFLOW (Ungauged intermediate drainage)
2024-08-03 20:00:00+00:00,0.015,115.89,155.61,198.71,MODELLED / DERIVED LATERAL INFLOW (Ungauged intermediate drainage)
2024-08-03 21:00:00+00:00,0.011,111.02,145.3,176.2,MODELLED / DERIVED LATERAL INFLOW (Ungauged intermediate drainage)
2024-08-03 22:00:00+00:00,0.005,105.81,134.55,154.85,MODELLED / DERIVED LATERAL INFLOW (Ungauged intermediate drainage)
2024-08-03 23:00:00+00:00,0.001,100.48,124.12,136.46,MODELLED / DERIVED LATERAL INFLOW (Ungauged intermediate drainage)
2024-08-04 00:00:00+00:00,0.0,95.18,114.44,121.41,MODELLED / DERIVED LATERAL INFLOW (Ungauged intermediate drainage)
2024-08-04 01:00:00+00:00,0.0,90.03,105.7,109.56,MODELLED / DERIVED LATERAL INFLOW (Ungauged intermediate drainage)
2024-08-04 02:00:00+00:00,0.001,85.1,97.98,100.47,MODELLED / DERIVED LATERAL INFLOW (Ungauged intermediate drainage)
2024-08-04 03:00:00+00:00,0.023,80.44,91.26,93.65,MODELLED / DERIVED LATERAL INFLOW (Ungauged intermediate drainage)
2024-08-04 04:00:00+00:00,0.023,76.08,85.47,89.28,MODELLED / DERIVED LATERAL INFLOW (Ungauged intermediate drainage)
2024-08-04 05:00:00+00:00,0.029,72.04,80.53,86.38,MODELLED / DERIVED LATERAL INFLOW (Ungauged intermediate drainage)
2024-08-04 06:00:00+00:00,0.035,68.32,76.34,84.6,MODELLED / DERIVED LATERAL INFLOW (Ungauged intermediate drainage)
2024-08-04 07:00:00+00:00,0.112,64.93,72.84,83.68,MODELLED / DERIVED LATERAL INFLOW (Ungauged intermediate drainage)
2024-08-04 08:00:00+00:00,0.613,62.07,70.64,85.75,MODELLED / DERIVED LATERAL INFLOW (Ungauged intermediate drainage)
2024-08-04 09:00:00+00:00,0.595,60.74,73.97,104.49,MODELLED / DERIVED LATERAL INFLOW (Ungauged intermediate drainage)
2024-08-04 10:00:00+00:00,1.19,60.72,79.86,125.35,MODELLED / DERIVED LATERAL INFLOW (Ungauged intermediate drainage)
2024-08-04 11:00:00+00:00,1.411,63.03,92.53,163.49,MODELLED / DERIVED LATERAL INFLOW (Ungauged intermediate drainage)
2024-08-04 12:00:00+00:00,0.908,67.22,109.81,208.69,MODELLED / DERIVED LATERAL INFLOW (Ungauged intermediate drainage)
2024-08-04 13:00:00+00:00,0.057,71.25,123.56,233.97,MODELLED / DERIVED LATERAL INFLOW (Ungauged intermediate drainage)
2024-08-04 14:00:00+00:00,0.2,73.39,127.0,222.66,MODELLED / DERIVED LATERAL INFLOW (Ungauged intermediate drainage)
2024-08-04 15:00:00+00:00,0.276,74.34,126.49,205.73,MODELLED / DERIVED LATERAL INFLOW (Ungauged intermediate drainage)
2024-08-04 16:00:00+00:00,0.249,74.58,124.41,190.74,MODELLED / DERIVED LATERAL INFLOW (Ungauged intermediate drainage)
2024-08-04 17:00:00+00:00,0.955,74.53,121.43,177.34,MODELLED / DERIVED LATERAL INFLOW (Ungauged intermediate drainage)
2024-08-04 18:00:00+00:00,1.745,76.1,124.99,189.01,MODELLED / DERIVED LATERAL INFLOW (Ungauged intermediate drainage)
2024-08-04 19:00:00+00:00,1.592,80.46,138.85,232.02,MODELLED / DERIVED LATERAL INFLOW (Ungauged intermediate drainage)
2024-08-04 20:00:00+00:00,1.058,86.18,155.52,274.35,MODELLED / DERIVED LATERAL INFLOW (Ungauged intermediate drainage)
2024-08-04 21:00:00+00:00,1.68,91.82,168.13,294.59,MODELLED / DERIVED LATERAL INFLOW (Ungauged intermediate drainage)
2024-08-04 22:00:00+00:00,0.728,98.26,183.73,325.06,MODELLED / DERIVED LATERAL INFLOW (Ungauged intermediate drainage)
2024-08-04 23:00:00+00:00,0.474,102.95,190.72,323.32,MODELLED / DERIVED LATERAL INFLOW (Ungauged intermediate drainage)
