timestamp,bhagirathi_calibrated_inflow_m3s,bhilangna_modelled_base_m3s,lateral_modelled_base_m3s,tehri_total_inflow_low_m3s,tehri_total_inflow_base_m3s,tehri_total_inflow_high_m3s,data_provenance
2024-07-25 00:00:00+00:00,395.69,158.22,79.17,534.54,633.07,751.34,COMBINED (Bhagirathi Calibrated + Bhilangna Modelled + Lateral Modelled)
2024-07-25 01:00:00+00:00,391.53,157.03,81.09,530.56,629.64,754.63,COMBINED (Bhagirathi Calibrated + Bhilangna Modelled + Lateral Modelled)
2024-07-25 02:00:00+00:00,388.01,164.95,86.94,530.62,639.9,802.56,COMBINED (Bhagirathi Calibrated + Bhilangna Modelled + Lateral Modelled)
2024-07-25 03:00:00+00:00,385.35,180.71,95.61,535.04,661.67,877.95,COMBINED (Bhagirathi Calibrated + Bhilangna Modelled + Lateral Modelled)
2024-07-25 04:00:00+00:00,384.5,203.31,106.82,544.81,694.62,974.05,COMBINED (Bhagirathi Calibrated + Bhilangna Modelled + Lateral Modelled)
2024-07-25 05:00:00+00:00,385.31,228.43,126.16,560.18,739.9,1093.25,COMBINED (Bhagirathi Calibrated + Bhilangna Modelled + Lateral Modelled)
2024-07-25 06:00:00+00:00,388.46,249.64,155.0,581.13,793.1,1213.82,COMBINED (Bhagirathi Calibrated + Bhilangna Modelled + Lateral Modelled)
2024-07-25 07:00:00+00:00,391.96,265.12,193.02,605.56,850.1,1326.99,COMBINED (Bhagirathi Calibrated + Bhilangna Modelled + Lateral Modelled)
2024-07-25 08:00:00+00:00,395.1,278.77,238.21,632.69,912.09,1443.71,COMBINED (Bhagirathi Calibrated + Bhilangna Modelled + Lateral Modelled)
2024-07-25 09:00:00+00:00,397.55,290.25,280.49,659.35,968.29,1530.12,COMBINED (Bhagirathi Calibrated + Bhilangna Modelled + Lateral Modelled)
2024-07-25 10:00:00+00:00,400.24,301.65,301.31,681.7,1003.19,1541.97,COMBINED (Bhagirathi Calibrated + Bhilangna Modelled + Lateral Modelled)
2024-07-25 11:00:00+00:00,402.59,310.82,301.7,697.95,1015.11,1492.74,COMBINED (Bhagirathi Calibrated + Bhilangna Modelled + Lateral Modelled)
2024-07-25 12:00:00+00:00,409.11,318.47,295.76,715.02,1023.33,1448.37,COMBINED (Bhagirathi Calibrated + Bhilangna Modelled + Lateral Modelled)
2024-07-25 13:00:00+00:00,415.78,323.93,288.04,729.41,1027.75,1412.69,COMBINED (Bhagirathi Calibrated + Bhilangna Modelled + Lateral Modelled)
2024-07-25 14:00:00+00:00,419.59,324.59,271.53,736.27,1015.71,1342.0,COMBINED (Bhagirathi Calibrated + Bhilangna Modelled + Lateral Modelled)
2024-07-25 15:00:00+00:00,421.49,321.88,251.17,737.85,994.53,1263.38,COMBINED (Bhagirathi Calibrated + Bhilangna Modelled + Lateral Modelled)
2024-07-25 16:00:00+00:00,422.31,317.64,233.74,736.98,973.69,1204.68,COMBINED (Bhagirathi Calibrated + Bhilangna Modelled + Lateral Modelled)
2024-07-25 17:00:00+00:00,423.08,313.35,220.18,735.5,956.61,1167.54,COMBINED (Bhagirathi Calibrated + Bhilangna Modelled + Lateral Modelled)
2024-07-25 18:00:00+00:00,423.93,308.19,207.39,733.07,939.51,1132.36,COMBINED (Bhagirathi Calibrated + Bhilangna Modelled + Lateral Modelled)
2024-07-25 19:00:00+00:00,425.26,302.94,193.73,730.24,921.92,1095.88,COMBINED (Bhagirathi Calibrated + Bhilangna Modelled + Lateral Modelled)
2024-07-25 20:00:00+00:00,427.5,297.99,186.52,728.88,912.0,1086.55,COMBINED (Bhagirathi Calibrated + Bhilangna Modelled + Lateral Modelled)
2024-07-25 21:00:00+00:00,430.0,291.86,176.6,726.49,898.46,1060.06,COMBINED (Bhagirathi Calibrated + Bhilangna Modelled + Lateral Modelled)
2024-07-25 22:00:00+00:00,431.61,284.7,165.37,722.14,881.68,1025.74,COMBINED (Bhagirathi Calibrated + Bhilangna Modelled + Lateral Modelled)
2024-07-25 23:00:00+00:00,432.19,277.54,155.64,716.41,865.37,998.51,COMBINED (Bhagirathi Calibrated + Bhilangna Modelled + Lateral Modelled)
2024-07-26 00:00:00+00:00,432.08,270.1,144.79,709.29,846.96,966.0,COMBINED (Bhagirathi Calibrated + Bhilangna Modelled + Lateral Modelled)
2024-07-26 01:00:00+00:00,430.9,261.99,134.11,700.68,826.99,931.13,COMBINED (Bhagirathi Calibrated + Bhilangna Modelled + Lateral Modelled)
2024-07-26 02:00:00+00:00,428.44,253.79,124.85,690.65,807.09,901.9,COMBINED (Bhagirathi Calibrated + Bhilangna Modelled + Lateral Modelled)
2024-07-26 03:00:00+00:00,425.03,245.98,116.76,679.66,787.77,877.22,COMBINED (Bhagirathi Calibrated + Bhilangna Modelled + Lateral Modelled)
2024-07-26 04:00:00+00:00,420.91,238.16,109.42,667.99,768.5,853.26,COMBINED (Bhagirathi Calibrated + Bhilangna Modelled + Lateral Modelled)
2024-07-26 05:00:00+00:00,416.28,230.63,103.29,656.05,750.2,832.62,COMBINED (Bhagirathi Calibrated + Bhilangna Modelled + Lateral Modelled)
2024-07-26 06:00:00+00:00,411.91,223.95,98.66,644.91,734.52,818.5,COMBINED (Bhagirathi Calibrated + Bhilangna Modelled + Lateral Modelled)
2024-07-26 07:00:00+00:00,408.19,218.88,94.9,635.19,721.97,810.72,COMBINED (Bhagirathi Calibrated + Bhilangna Modelled + Lateral Modelled)
2024-07-26 08:00:00+00:00,405.72,216.5,92.74,628.05,714.96,815.65,COMBINED (Bhagirathi Calibrated + Bhilangna Modelled + Lateral Modelled)
2024-07-26 09:00:00+00:00,404.54,217.58,92.67,623.73,714.79,836.84,COMBINED (Bhagirathi Calibrated + Bhilangna Modelled + Lateral Modelled)
2024-07-26 10:00:00+00:00,403.92,218.26,94.46,621.04,716.65,855.79,COMBINED (Bhagirathi Calibrated + Bhilangna Modelled + Lateral Modelled)
2024-07-26 11:00:00+00:00,404.59,220.09,98.47,620.78,723.14,882.61,COMBINED (Bhagirathi Calibrated + Bhilangna Modelled + Lateral Modelled)
2024-07-26 12:00:00+00:00,405.8,220.49,101.97,621.32,728.26,896.59,COMBINED (Bhagirathi Calibrated + Bhilangna Modelled + Lateral Modelled)
2024-07-26 13:00:00+00:00,406.98,220.96,105.75,622.11,733.7,909.96,COMBINED (Bhagirathi Calibrated + Bhilangna Modelled + Lateral Modelled)
2024-07-26 14:00:00+00:00,406.39,219.5,107.7,620.59,733.59,906.35,COMBINED (Bhagirathi Calibrated + Bhilangna Modelled + Lateral Modelled)
2024-07-26 15:00:00+00:00,404.64,217.12,108.03,617.53,729.8,894.02,COMBINED (Bhagirathi Calibrated + Bhilangna Modelled + Lateral Modelled)
2024-07-26 16:00:00+00:00,402.63,215.88,109.55,615.26,728.06,891.02,COMBINED (Bhagirathi Calibrated + Bhilangna Modelled + Lateral Modelled)
2024-07-26 17:00:00+00:00,401.17,217.88,121.65,616.98,740.7,936.33,COMBINED (Bhagirathi Calibrated + Bhilangna Modelled + Lateral Modelled)
2024-07-26 18:00:00+00:00,400.84,222.57,132.16,621.0,755.57,975.96,COMBINED (Bhagirathi Calibrated + Bhilangna Modelled + Lateral Modelled)
2024-07-26 19:00:00+00:00,402.28,227.81,141.89,627.46,771.98,1010.29,COMBINED (Bhagirathi Calibrated + Bhilangna Modelled + Lateral Modelled)
2024-07-26 20:00:00+00:00,406.69,235.01,148.83,637.37,790.52,1041.36,COMBINED (Bhagirathi Calibrated + Bhilangna Modelled + Lateral Modelled)
2024-07-26 21:00:00+00:00,416.49,246.52,152.51,653.19,815.53,1081.6,COMBINED (Bhagirathi Calibrated + Bhilangna Modelled + Lateral Modelled)
2024-07-26 22:00:00+00:00,434.1,259.94,153.4,676.81,847.43,1126.1,COMBINED (Bhagirathi Calibrated + Bhilangna Modelled + Lateral Modelled)
2024-07-26 23:00:00+00:00,460.51,272.07,153.78,708.99,886.36,1172.92,COMBINED (Bhagirathi Calibrated + Bhilangna Modelled + Lateral Modelled)
2024-07-27 00:00:00+00:00,491.76,283.09,152.32,745.2,927.16,1215.44,COMBINED (Bhagirathi Calibrated + Bhilangna Modelled + Lateral Modelled)
2024-07-27 01:00:00+00:00,520.71,290.95,147.68,777.38,959.35,1235.98,COMBINED (Bhagirathi Calibrated + Bhilangna Modelled + Lateral Modelled)
2024-07-27 02:00:00+00:00,540.26,294.16,141.97,798.45,976.39,1232.08,COMBINED (Bhagirathi Calibrated + Bhilangna Modelled + Lateral Modelled)
2024-07-27 03:00:00+00:00,553.18,294.52,135.82,811.6,983.52,1216.7,COMBINED (Bhagirathi Calibrated + Bhilangna Modelled + Lateral Modelled)
2024-07-27 04:00:00+00:00,561.37,293.18,129.54,819.03,984.08,1196.32,COMBINED (Bhagirathi Calibrated + Bhilangna Modelled + Lateral Modelled)
2024-07-27 05:00:00+00:00,567.01,290.64,123.7,823.61,981.36,1174.74,COMBINED (Bhagirathi Calibrated + Bhilangna Modelled + Lateral Modelled)
2024-07-27 06:00:00+00:00,573.96,289.46,125.8,831.93,989.21,1188.47,COMBINED (Bhagirathi Calibrated + Bhilangna Modelled + Lateral Modelled)
2024-07-27 07:00:00+00:00,583.45,293.13,140.43,846.75,1017.02,1261.46,COMBINED (Bhagirathi Calibrated + Bhilangna Modelled + Lateral Modelled)
2024-07-27 08:00:00+00:00,595.36,295.38,150.63,863.56,1041.37,1300.56,COMBINED (Bhagirathi Calibrated + Bhilangna Modelled + Lateral Modelled)
2024-07-27 09:00:00+00:00,606.64,297.97,152.4,878.18,1057.01,1308.26,COMBINED (Bhagirathi Calibrated + Bhilangna Modelled + Lateral Modelled)
2024-07-27 10:00:00+00:00,618.96,302.15,149.23,892.95,1070.34,1310.54,COMBINED (Bhagirathi Calibrated + Bhilangna Modelled + Lateral Modelled)
2024-07-27 11:00:00+00:00,630.47,307.91,146.24,906.82,1084.62,1324.47,COMBINED (Bhagirathi Calibrated + Bhilangna Modelled + Lateral Modelled)
2024-07-27 12:00:00+00:00,644.38,311.2,142.99,922.11,1098.57,1332.89,COMBINED (Bhagirathi Calibrated + Bhilangna Modelled + Lateral Modelled)
2024-07-27 13:00:00+00:00,654.75,310.66,136.67,931.86,1102.08,1316.32,COMBINED (Bhagirathi Calibrated + Bhilangna Modelled + Lateral Modelled)
2024-07-27 14:00:00+00:00,658.59,306.7,128.61,933.42,1093.89,1279.7,COMBINED (Bhagirathi Calibrated + Bhilangna Modelled + Lateral Modelled)
2024-07-27 15:00:00+00:00,658.2,300.41,120.06,929.5,1078.67,1235.69,COMBINED (Bhagirathi Calibrated + Bhilangna Modelled + Lateral Modelled)
2024-07-27 16:00:00+00:00,654.08,292.5,111.7,920.93,1058.28,1189.29,COMBINED (Bhagirathi Calibrated + Bhilangna Modelled + Lateral Modelled)
2024-07-27 17:00:00+00:00,648.68,283.58,103.9,910.49,1036.17,1145.07,COMBINED (Bhagirathi Calibrated + Bhilangna Modelled + Lateral Modelled)
2024-07-27 18:00:00+00:00,647.31,275.2,97.08,904.03,1019.59,1114.98,COMBINED (Bhagirathi Calibrated + Bhilangna Modelled + Lateral Modelled)
2024-07-27 19:00:00+00:00,649.84,269.69,92.06,902.0,1011.59,1107.61,COMBINED (Bhagirathi Calibrated + Bhilangna Modelled + Lateral Modelled)
2024-07-27 20:00:00+00:00,652.63,264.24,87.95,900.17,1004.81,1101.78,COMBINED (Bhagirathi Calibrated + Bhilangna Modelled + Lateral Modelled)
2024-07-27 21:00:00+00:00,653.45,257.2,84.84,896.19,995.48,1089.42,COMBINED (Bhagirathi Calibrated + Bhilangna Modelled + Lateral Modelled)
2024-07-27 22:00:00+00:00,650.47,249.32,83.01,888.33,982.79,1073.67,COMBINED (Bhagirathi Calibrated + Bhilangna Modelled + Lateral Modelled)
2024-07-27 23:00:00+00:00,644.08,240.97,80.3,876.77,965.35,1047.64,COMBINED (Bhagirathi Calibrated + Bhilangna Modelled + Lateral Modelled)
2024-07-28 00:00:00+00:00,635.18,232.42,77.39,862.54,944.99,1017.22,COMBINED (Bhagirathi Calibrated + Bhilangna Modelled + Lateral Modelled)
2024-07-28 01:00:00+00:00,624.41,223.85,74.53,846.37,922.8,985.63,COMBINED (Bhagirathi Calibrated + Bhilangna Modelled + Lateral Modelled)
2024-07-28 02:00:00+00:00,612.22,215.41,71.85,828.75,899.48,955.43,COMBINED (Bhagirathi Calibrated + Bhilangna Modelled + Lateral Modelled)
2024-07-28 03:00:00+00:00,599.03,207.18,69.42,810.16,875.62,925.42,COMBINED (Bhagirathi Calibrated + Bhilangna Modelled + Lateral Modelled)
2024-07-28 04:00:00+00:00,585.15,199.25,67.25,790.97,851.65,896.66,COMBINED (Bhagirathi Calibrated + Bhilangna Modelled + Lateral Modelled)
2024-07-28 05:00:00+00:00,571.1,191.66,65.35,771.73,828.12,869.73,COMBINED (Bhagirathi Calibrated + Bhilangna Modelled + Lateral Modelled)
2024-07-28 06:00:00+00:00,557.5,184.48,63.72,753.1,805.71,845.97,COMBINED (Bhagirathi Calibrated + Bhilangna Modelled + Lateral Modelled)
2024-07-28 07:00:00+00:00,546.59,178.01,62.48,737.48,787.08,829.15,COMBINED (Bhagirathi Calibrated + Bhilangna Modelled + Lateral Modelled)
2024-07-28 08:00:00+00:00,538.73,173.62,62.89,725.84,775.24,827.31,COMBINED (Bhagirathi Calibrated + Bhilangna Modelled + Lateral Modelled)
2024-07-28 09:00:00+00:00,535.91,172.3,65.01,720.46,773.21,844.02,COMBINED (Bhagirathi Calibrated + Bhilangna Modelled + Lateral Modelled)
2024-07-28 10:00:00+00:00,538.59,171.72,69.19,721.98,779.5,869.11,COMBINED (Bhagirathi Calibrated + Bhilangna Modelled + Lateral Modelled)
2024-07-28 11:00:00+00:00,543.73,172.25,83.24,728.86,799.23,928.98,COMBINED (Bhagirathi Calibrated + Bhilangna Modelled + Lateral Modelled)
2024-07-28 12:00:00+00:00,547.4,172.07,95.97,734.7,815.43,967.54,COMBINED (Bhagirathi Calibrated + Bhilangna Modelled + Lateral Modelled)
2024-07-28 13:00:00+00:00,548.63,170.88,105.01,737.4,824.52,982.55,COMBINED (Bhagirathi Calibrated + Bhilangna Modelled + Lateral Modelled)
2024-07-28 14:00:00+00:00,546.33,168.71,106.94,734.97,821.98,965.92,COMBINED (Bhagirathi Calibrated + Bhilangna Modelled + Lateral Modelled)
2024-07-28 15:00:00+00:00,541.53,165.9,105.17,728.85,812.6,937.06,COMBINED (Bhagirathi Calibrated + Bhilangna Modelled + Lateral Modelled)
2024-07-28 16:00:00+00:00,534.83,162.69,101.42,719.98,798.94,904.48,COMBINED (Bhagirathi Calibrated + Bhilangna Modelled + Lateral Modelled)
2024-07-28 17:00:00+00:00,526.73,159.22,96.78,709.14,782.73,872.85,COMBINED (Bhagirathi Calibrated + Bhilangna Modelled + Lateral Modelled)
2024-07-28 18:00:00+00:00,517.59,155.75,92.7,697.05,766.04,847.78,COMBINED (Bhagirathi Calibrated + Bhilangna Modelled + Lateral Modelled)
2024-07-28 19:00:00+00:00,508.22,153.53,90.56,685.62,752.31,834.87,COMBINED (Bhagirathi Calibrated + Bhilangna Modelled + Lateral Modelled)
2024-07-28 20:00:00+00:00,499.12,152.95,101.83,678.13,753.9,872.41,COMBINED (Bhagirathi Calibrated + Bhilangna Modelled + Lateral Modelled)
2024-07-28 21:00:00+00:00,490.99,152.47,120.08,673.94,763.54,922.33,COMBINED (Bhagirathi Calibrated + Bhilangna Modelled + Lateral Modelled)
2024-07-28 22:00:00+00:00,484.04,151.72,131.85,670.26,767.61,937.43,COMBINED (Bhagirathi Calibrated + Bhilangna Modelled + Lateral Modelled)
2024-07-28 23:00:00+00:00,477.7,151.46,138.98,666.63,768.14,937.56,COMBINED (Bhagirathi Calibrated + Bhilangna Modelled + Lateral Modelled)
2024-07-29 00:00:00+00:00,472.8,150.73,148.35,664.75,771.88,947.96,COMBINED (Bhagirathi Calibrated + Bhilangna Modelled + Lateral Modelled)
2024-07-29 01:00:00+00:00,466.81,149.2,152.25,660.34,768.27,935.31,COMBINED (Bhagirathi Calibrated + Bhilangna Modelled + Lateral Modelled)
2024-07-29 02:00:00+00:00,459.7,147.17,148.67,652.77,755.54,897.17,COMBINED (Bhagirathi Calibrated + Bhilangna Modelled + Lateral Modelled)
2024-07-29 03:00:00+00:00,451.87,144.82,141.45,643.0,738.14,853.64,COMBINED (Bhagirathi Calibrated + Bhilangna Modelled + Lateral Modelled)
2024-07-29 04:00:00+00:00,443.59,142.26,132.58,631.72,718.43,811.95,COMBINED (Bhagirathi Calibrated + Bhilangna Modelled + Lateral Modelled)
2024-07-29 05:00:00+00:00,435.04,139.6,123.26,619.48,697.9,774.66,COMBINED (Bhagirathi Calibrated + Bhilangna Modelled + Lateral Modelled)
2024-07-29 06:00:00+00:00,427.0,137.03,114.38,607.33,678.41,745.67,COMBINED (Bhagirathi Calibrated + Bhilangna Modelled + Lateral Modelled)
2024-07-29 07:00:00+00:00,420.35,134.97,106.25,596.38,661.56,724.98,COMBINED (Bhagirathi Calibrated + Bhilangna Modelled + Lateral Modelled)
2024-07-29 08:00:00+00:00,414.74,133.43,98.93,586.5,647.1,710.3,COMBINED (Bhagirathi Calibrated + Bhilangna Modelled + Lateral Modelled)
2024-07-29 09:00:00+00:00,411.68,132.6,93.0,579.65,637.29,703.71,COMBINED (Bhagirathi Calibrated + Bhilangna Modelled + Lateral Modelled)
2024-07-29 10:00:00+00:00,411.03,135.59,90.05,576.51,636.66,721.9,COMBINED (Bhagirathi Calibrated + Bhilangna Modelled + Lateral Modelled)
2024-07-29 11:00:00+00:00,413.69,137.48,88.89,577.2,640.07,738.77,COMBINED (Bhagirathi Calibrated + Bhilangna Modelled + Lateral Modelled)
2024-07-29 12:00:00+00:00,416.69,139.99,87.55,578.54,644.23,753.01,COMBINED (Bhagirathi Calibrated + Bhilangna Modelled + Lateral Modelled)
2024-07-29 13:00:00+00:00,420.49,141.88,88.22,581.05,650.58,769.99,COMBINED (Bhagirathi Calibrated + Bhilangna Modelled + Lateral Modelled)
2024-07-29 14:00:00+00:00,421.58,142.36,86.4,580.35,650.34,766.11,COMBINED (Bhagirathi Calibrated + Bhilangna Modelled + Lateral Modelled)
2024-07-29 15:00:00+00:00,420.59,141.97,83.61,577.32,646.17,754.41,COMBINED (Bhagirathi Calibrated + Bhilangna Modelled + Lateral Modelled)
2024-07-29 16:00:00+00:00,418.5,141.76,82.07,573.79,642.32,748.51,COMBINED (Bhagirathi Calibrated + Bhilangna Modelled + Lateral Modelled)
2024-07-29 17:00:00+00:00,416.43,143.61,89.37,573.27,649.41,779.6,COMBINED (Bhagirathi Calibrated + Bhilangna Modelled + Lateral Modelled)
2024-07-29 18:00:00+00:00,414.36,148.64,104.82,576.41,667.83,840.39,COMBINED (Bhagirathi Calibrated + Bhilangna Modelled + Lateral Modelled)
2024-07-29 19:00:00+00:00,416.19,161.34,118.36,586.1,695.89,912.47,COMBINED (Bhagirathi Calibrated + Bhilangna Modelled + Lateral Modelled)
2024-07-29 20:00:00+00:00,428.45,181.22,131.71,609.93,741.38,1006.98,COMBINED (Bhagirathi Calibrated + Bhilangna Modelled + Lateral Modelled)
2024-07-29 21:00:00+00:00,454.73,214.93,153.86,654.23,823.52,1185.23,COMBINED (Bhagirathi Calibrated + Bhilangna Modelled + Lateral Modelled)
2024-07-29 22:00:00+00:00,492.64,256.38,170.91,712.44,919.94,1363.43,COMBINED (Bhagirathi Calibrated + Bhilangna Modelled + Lateral Modelled)
2024-07-29 23:00:00+00:00,533.23,292.02,187.16,773.82,1012.41,1504.17,COMBINED (Bhagirathi Calibrated + Bhilangna Modelled + Lateral Modelled)
2024-07-30 00:00:00+00:00,572.23,320.48,214.17,835.25,1106.88,1649.14,COMBINED (Bhagirathi Calibrated + Bhilangna Modelled + Lateral Modelled)
2024-07-30 01:00:00+00:00,602.05,340.22,233.33,884.65,1175.6,1717.7,COMBINED (Bhagirathi Calibrated + Bhilangna Modelled + Lateral Modelled)
2024-07-30 02:00:00+00:00,623.13,353.73,240.02,920.78,1216.88,1720.43,COMBINED (Bhagirathi Calibrated + Bhilangna Modelled + Lateral Modelled)
2024-07-30 03:00:00+00:00,636.27,360.23,237.72,944.14,1234.22,1678.25,COMBINED (Bhagirathi Calibrated + Bhilangna Modelled + Lateral Modelled)
2024-07-30 04:00:00+00:00,643.1,360.76,226.14,956.28,1230.0,1599.13,COMBINED (Bhagirathi Calibrated + Bhilangna Modelled + Lateral Modelled)
2024-07-30 05:00:00+00:00,645.14,357.0,210.2,959.95,1212.34,1508.55,COMBINED (Bhagirathi Calibrated + Bhilangna Modelled + Lateral Modelled)
2024-07-30 06:00:00+00:00,644.01,350.44,194.34,957.97,1188.79,1427.24,COMBINED (Bhagirathi Calibrated + Bhilangna Modelled + Lateral Modelled)
2024-07-30 07:00:00+00:00,641.4,342.3,180.12,952.92,1163.81,1359.44,COMBINED (Bhagirathi Calibrated + Bhilangna Modelled + Lateral Modelled)
2024-07-30 08:00:00+00:00,638.75,333.27,167.74,947.06,1139.76,1303.24,COMBINED (Bhagirathi Calibrated + Bhilangna Modelled + Lateral Modelled)
2024-07-30 09:00:00+00:00,637.39,326.27,161.17,943.37,1124.84,1280.92,COMBINED (Bhagirathi Calibrated + Bhilangna Modelled + Lateral Modelled)
2024-07-30 10:00:00+00:00,639.93,319.91,159.4,944.32,1119.24,1279.13,COMBINED (Bhagirathi Calibrated + Bhilangna Modelled + Lateral Modelled)
2024-07-30 11:00:00+00:00,646.26,313.79,156.19,948.85,1116.24,1271.59,COMBINED (Bhagirathi Calibrated + Bhilangna Modelled + Lateral Modelled)
2024-07-30 12:00:00+00:00,652.94,309.0,157.78,954.66,1119.72,1285.35,COMBINED (Bhagirathi Calibrated + Bhilangna Modelled + Lateral Modelled)
2024-07-30 13:00:00+00:00,657.96,302.93,157.05,957.77,1117.93,1280.1,COMBINED (Bhagirathi Calibrated + Bhilangna Modelled + Lateral Modelled)
2024-07-30 14:00:00+00:00,657.39,294.86,150.52,953.32,1102.76,1241.35,COMBINED (Bhagirathi Calibrated + Bhilangna Modelled + Lateral Modelled)
2024-07-30 15:00:00+00:00,652.85,286.16,141.6,943.58,1080.61,1195.63,COMBINED (Bhagirathi Calibrated + Bhilangna Modelled + Lateral Modelled)
2024-07-30 16:00:00+00:00,645.95,277.53,132.16,930.53,1055.64,1152.52,COMBINED (Bhagirathi Calibrated + Bhilangna Modelled + Lateral Modelled)
2024-07-30 17:00:00+00:00,636.63,268.07,122.49,914.31,1027.19,1106.78,COMBINED (Bhagirathi Calibrated + Bhilangna Modelled + Lateral Modelled)
2024-07-30 18:00:00+00:00,625.5,258.31,113.29,895.89,997.1,1062.32,COMBINED (Bhagirathi Calibrated + Bhilangna Modelled + Lateral Modelled)
2024-07-30 19:00:00+00:00,613.42,249.31,106.12,876.95,968.85,1027.98,COMBINED (Bhagirathi Calibrated + Bhilangna Modelled + Lateral Modelled)
2024-07-30 20:00:00+00:00,602.91,243.41,104.83,861.29,951.15,1025.99,COMBINED (Bhagirathi Calibrated + Bhilangna Modelled + Lateral Modelled)
2024-07-30 21:00:00+00:00,597.91,237.71,104.07,851.38,939.69,1024.9,COMBINED (Bhagirathi Calibrated + Bhilangna Modelled + Lateral Modelled)
2024-07-30 22:00:00+00:00,595.26,231.1,101.15,843.28,927.5,1010.62,COMBINED (Bhagirathi Calibrated + Bhilangna Modelled + Lateral Modelled)
2024-07-30 23:00:00+00:00,589.3,225.01,98.45,831.95,912.77,995.57,COMBINED (Bhagirathi Calibrated + Bhilangna Modelled + Lateral Modelled)
2024-07-31 00:00:00+00:00,581.63,219.17,96.41,819.3,897.21,980.35,COMBINED (Bhagirathi Calibrated + Bhilangna Modelled + Lateral Modelled)
2024-07-31 01:00:00+00:00,573.03,215.46,97.6,807.29,886.09,980.98,COMBINED (Bhagirathi Calibrated + Bhilangna Modelled + Lateral Modelled)
2024-07-31 02:00:00+00:00,565.59,216.99,100.0,798.52,882.59,1000.37,COMBINED (Bhagirathi Calibrated + Bhilangna Modelled + Lateral Modelled)
2024-07-31 03:00:00+00:00,562.43,224.75,103.78,795.95,890.96,1045.4,COMBINED (Bhagirathi Calibrated + Bhilangna Modelled + Lateral Modelled)
2024-07-31 04:00:00+00:00,560.13,231.1,103.69,793.56,894.91,1063.57,COMBINED (Bhagirathi Calibrated + Bhilangna Modelled + Lateral Modelled)
2024-07-31 05:00:00+00:00,556.63,234.12,100.83,788.9,891.58,1057.39,COMBINED (Bhagirathi Calibrated + Bhilangna Modelled + Lateral Modelled)
2024-07-31 06:00:00+00:00,551.11,234.64,97.13,781.48,882.88,1039.63,COMBINED (Bhagirathi Calibrated + Bhilangna Modelled + Lateral Modelled)
2024-07-31 07:00:00+00:00,545.14,234.53,95.67,774.38,875.34,1028.61,COMBINED (Bhagirathi Calibrated + Bhilangna Modelled + Lateral Modelled)
2024-07-31 08:00:00+00:00,540.54,235.94,108.58,773.5,885.06,1070.99,COMBINED (Bhagirathi Calibrated + Bhilangna Modelled + Lateral Modelled)
2024-07-31 09:00:00+00:00,546.92,240.11,148.4,791.32,935.43,1214.2,COMBINED (Bhagirathi Calibrated + Bhilangna Modelled + Lateral Modelled)
2024-07-31 10:00:00+00:00,553.04,248.6,171.61,808.81,973.25,1283.67,COMBINED (Bhagirathi Calibrated + Bhilangna Modelled + Lateral Modelled)
2024-07-31 11:00:00+00:00,562.89,263.25,192.96,831.95,1019.1,1368.49,COMBINED (Bhagirathi Calibrated + Bhilangna Modelled + Lateral Modelled)
2024-07-31 12:00:00+00:00,572.79,278.69,212.61,855.45,1064.09,1445.44,COMBINED (Bhagirathi Calibrated + Bhilangna Modelled + Lateral Modelled)
2024-07-31 13:00:00+00:00,582.26,290.96,222.11,879.55,1095.32,1463.19,COMBINED (Bhagirathi Calibrated + Bhilangna Modelled + Lateral Modelled)
2024-07-31 14:00:00+00:00,610.55,314.28,303.39,943.36,1228.22,1790.86,COMBINED (Bhagirathi Calibrated + Bhilangna Modelled + Lateral Modelled)
2024-07-31 15:00:00+00:00,652.83,343.23,420.6,1037.88,1416.66,2205.68,COMBINED (Bhagirathi Calibrated + Bhilangna Modelled + Lateral Modelled)
2024-07-31 16:00:00+00:00,701.34,376.17,571.18,1152.41,1648.69,2690.99,COMBINED (Bhagirathi Calibrated + Bhilangna Modelled + Lateral Modelled)
2024-07-31 17:00:00+00:00,742.87,407.04,672.39,1253.32,1822.3,2928.57,COMBINED (Bhagirathi Calibrated + Bhilangna Modelled + Lateral Modelled)
2024-07-31 18:00:00+00:00,775.57,429.75,722.85,1332.85,1928.16,2962.76,COMBINED (Bhagirathi Calibrated + Bhilangna Modelled + Lateral Modelled)
2024-07-31 19:00:00+00:00,801.3,444.84,738.96,1394.4,1985.1,2893.67,COMBINED (Bhagirathi Calibrated + Bhilangna Modelled + Lateral Modelled)
2024-07-31 20:00:00+00:00,820.7,456.0,749.69,1444.24,2026.38,2845.64,COMBINED (Bhagirathi Calibrated + Bhilangna Modelled + Lateral Modelled)
2024-07-31 21:00:00+00:00,833.78,461.14,755.03,1482.3,2049.95,2790.87,COMBINED (Bhagirathi Calibrated + Bhilangna Modelled + Lateral Modelled)
2024-07-31 22:00:00+00:00,841.45,466.46,741.36,1508.03,2049.27,2697.7,COMBINED (Bhagirathi Calibrated + Bhilangna Modelled + Lateral Modelled)
2024-07-31 23:00:00+00:00,847.62,479.73,716.32,1529.05,2043.68,2626.02,COMBINED (Bhagirathi Calibrated + Bhilangna Modelled + Lateral Modelled)
2024-08-01 00:00:00+00:00,856.0,508.87,698.61,1555.73,2063.48,2661.59,COMBINED (Bhagirathi Calibrated + Bhilangna Modelled + Lateral Modelled)
2024-08-01 01:00:00+00:00,866.08,552.91,694.69,1586.53,2113.68,2806.29,COMBINED (Bhagirathi Calibrated + Bhilangna Modelled + Lateral Modelled)
2024-08-01 02:00:00+00:00,866.81,574.2,653.45,1593.84,2094.46,2706.5,COMBINED (Bhagirathi Calibrated + Bhilangna Modelled + Lateral Modelled)
2024-08-01 03:00:00+00:00,861.27,581.74,596.97,1584.3,2039.98,2532.06,COMBINED (Bhagirathi Calibrated + Bhilangna Modelled + Lateral Modelled)
2024-08-01 04:00:00+00:00,850.94,579.44,535.24,1562.18,1965.62,2337.79,COMBINED (Bhagirathi Calibrated + Bhilangna Modelled + Lateral Modelled)
2024-08-01 05:00:00+00:00,836.95,569.99,473.9,1530.79,1880.84,2147.67,COMBINED (Bhagirathi Calibrated + Bhilangna Modelled + Lateral Modelled)
2024-08-01 06:00:00+00:00,820.17,555.42,416.11,1492.78,1791.7,1971.87,COMBINED (Bhagirathi Calibrated + Bhilangna Modelled + Lateral Modelled)
2024-08-01 07:00:00+00:00,801.95,537.56,363.47,1450.82,1702.98,1816.86,COMBINED (Bhagirathi Calibrated + Bhilangna Modelled + Lateral Modelled)
2024-08-01 08:00:00+00:00,783.49,517.61,316.63,1407.16,1617.73,1682.93,COMBINED (Bhagirathi Calibrated + Bhilangna Modelled + Lateral Modelled)
2024-08-01 09:00:00+00:00,763.96,496.79,275.66,1361.83,1536.41,1567.68,COMBINED (Bhagirathi Calibrated + Bhilangna Modelled + Lateral Modelled)
2024-08-01 10:00:00+00:00,743.68,475.42,240.31,1315.72,1459.41,1466.12,COMBINED (Bhagirathi Calibrated + Bhilangna Modelled + Lateral Modelled)
2024-08-01 11:00:00+00:00,722.99,454.2,210.84,1269.69,1388.03,1381.29,COMBINED (Bhagirathi Calibrated + Bhilangna Modelled + Lateral Modelled)
2024-08-01 12:00:00+00:00,702.26,433.21,187.04,1224.75,1322.52,1309.5,COMBINED (Bhagirathi Calibrated + Bhilangna Modelled + Lateral Modelled)
2024-08-01 13:00:00+00:00,681.13,415.23,169.86,1181.22,1266.22,1263.83,COMBINED (Bhagirathi Calibrated + Bhilangna Modelled + Lateral Modelled)
2024-08-01 14:00:00+00:00,659.92,396.15,153.59,1138.06,1209.66,1204.78,COMBINED (Bhagirathi Calibrated + Bhilangna Modelled + Lateral Modelled)
2024-08-01 15:00:00+00:00,638.84,376.9,139.1,1095.68,1154.85,1145.37,COMBINED (Bhagirathi Calibrated + Bhilangna Modelled + Lateral Modelled)
2024-08-01 16:00:00+00:00,618.07,358.08,126.41,1054.37,1102.56,1088.83,COMBINED (Bhagirathi Calibrated + Bhilangna Modelled + Lateral Modelled)
2024-08-01 17:00:00+00:00,597.73,339.7,115.46,1014.38,1052.89,1035.72,COMBINED (Bhagirathi Calibrated + Bhilangna Modelled + Lateral Modelled)
2024-08-01 18:00:00+00:00,577.92,322.31,106.48,975.93,1006.7,989.97,COMBINED (Bhagirathi Calibrated + Bhilangna Modelled + Lateral Modelled)
2024-08-01 19:00:00+00:00,558.73,305.62,100.72,939.39,965.07,953.93,COMBINED (Bhagirathi Calibrated + Bhilangna Modelled + Lateral Modelled)
2024-08-01 20:00:00+00:00,540.21,290.04,96.31,904.57,926.56,921.46,COMBINED (Bhagirathi Calibrated + Bhilangna Modelled + Lateral Modelled)
2024-08-01 21:00:00+00:00,522.39,275.34,92.29,871.21,890.02,889.13,COMBINED (Bhagirathi Calibrated + Bhilangna Modelled + Lateral Modelled)
2024-08-01 22:00:00+00:00,505.3,261.31,88.06,839.3,854.67,854.65,COMBINED (Bhagirathi Calibrated + Bhilangna Modelled + Lateral Modelled)
2024-08-01 23:00:00+00:00,488.97,248.03,84.02,808.88,821.02,819.82,COMBINED (Bhagirathi Calibrated + Bhilangna Modelled + Lateral Modelled)
2024-08-02 00:00:00+00:00,473.39,235.55,80.31,779.96,789.25,786.87,COMBINED (Bhagirathi Calibrated + Bhilangna Modelled + Lateral Modelled)
2024-08-02 01:00:00+00:00,458.56,223.87,76.98,752.53,759.41,756.52,COMBINED (Bhagirathi Calibrated + Bhilangna Modelled + Lateral Modelled)
2024-08-02 02:00:00+00:00,444.48,212.97,74.04,726.54,731.49,729.01,COMBINED (Bhagirathi Calibrated + Bhilangna Modelled + Lateral Modelled)
2024-08-02 03:00:00+00:00,431.14,202.85,71.48,701.98,705.47,704.08,COMBINED (Bhagirathi Calibrated + Bhilangna Modelled + Lateral Modelled)
2024-08-02 04:00:00+00:00,418.52,193.48,69.27,678.83,681.27,682.31,COMBINED (Bhagirathi Calibrated + Bhilangna Modelled + Lateral Modelled)
2024-08-02 05:00:00+00:00,406.71,185.05,67.38,657.15,659.14,664.44,COMBINED (Bhagirathi Calibrated + Bhilangna Modelled + Lateral Modelled)
2024-08-02 06:00:00+00:00,396.36,177.89,65.88,637.68,640.13,652.9,COMBINED (Bhagirathi Calibrated + Bhilangna Modelled + Lateral Modelled)
2024-08-02 07:00:00+00:00,387.65,172.28,65.04,620.67,624.97,648.35,COMBINED (Bhagirathi Calibrated + Bhilangna Modelled + Lateral Modelled)
2024-08-02 08:00:00+00:00,382.85,168.04,65.33,608.75,616.22,652.38,COMBINED (Bhagirathi Calibrated + Bhilangna Modelled + Lateral Modelled)
2024-08-02 09:00:00+00:00,384.53,166.86,70.27,605.76,621.66,685.18,COMBINED (Bhagirathi Calibrated + Bhilangna Modelled + Lateral Modelled)
2024-08-02 10:00:00+00:00,396.19,169.24,77.98,615.12,643.42,741.37,COMBINED (Bhagirathi Calibrated + Bhilangna Modelled + Lateral Modelled)
2024-08-02 11:00:00+00:00,410.41,175.65,84.3,628.75,670.35,799.73,COMBINED (Bhagirathi Calibrated + Bhilangna Modelled + Lateral Modelled)
2024-08-02 12:00:00+00:00,427.84,181.39,100.97,650.72,710.2,881.43,COMBINED (Bhagirathi Calibrated + Bhilangna Modelled + Lateral Modelled)
2024-08-02 13:00:00+00:00,444.26,191.66,163.59,684.88,799.51,1122.86,COMBINED (Bhagirathi Calibrated + Bhilangna Modelled + Lateral Modelled)
2024-08-02 14:00:00+00:00,460.41,202.79,220.48,721.29,883.68,1298.57,COMBINED (Bhagirathi Calibrated + Bhilangna Modelled + Lateral Modelled)
2024-08-02 15:00:00+00:00,475.81,213.3,255.55,754.07,944.67,1375.64,COMBINED (Bhagirathi Calibrated + Bhilangna Modelled + Lateral Modelled)
2024-08-02 16:00:00+00:00,494.46,223.9,272.95,786.61,991.31,1402.41,COMBINED (Bhagirathi Calibrated + Bhilangna Modelled + Lateral Modelled)
2024-08-02 17:00:00+00:00,521.96,237.66,273.83,824.66,1033.45,1410.12,COMBINED (Bhagirathi Calibrated + Bhilangna Modelled + Lateral Modelled)
2024-08-02 18:00:00+00:00,557.17,255.39,266.08,868.33,1078.63,1431.4,COMBINED (Bhagirathi Calibrated + Bhilangna Modelled + Lateral Modelled)
2024-08-02 19:00:00+00:00,595.06,273.41,255.04,913.65,1123.51,1459.03,COMBINED (Bhagirathi Calibrated + Bhilangna Modelled + Lateral Modelled)
2024-08-02 20:00:00+00:00,631.49,291.19,257.89,960.63,1180.57,1540.4,COMBINED (Bhagirathi Calibrated + Bhilangna Modelled + Lateral Modelled)
2024-08-02 21:00:00+00:00,663.21,308.02,280.13,1007.69,1251.36,1673.07,COMBINED (Bhagirathi Calibrated + Bhilangna Modelled + Lateral Modelled)
2024-08-02 22:00:00+00:00,690.94,321.56,306.97,1051.93,1319.47,1787.47,COMBINED (Bhagirathi Calibrated + Bhilangna Modelled + Lateral Modelled)
2024-08-02 23:00:00+00:00,714.62,329.67,320.54,1088.18,1364.83,1822.48,COMBINED (Bhagirathi Calibrated + Bhilangna Modelled + Lateral Modelled)
2024-08-03 00:00:00+00:00,732.42,332.72,315.37,1112.25,1380.51,1778.81,COMBINED (Bhagirathi Calibrated + Bhilangna Modelled + Lateral Modelled)
2024-08-03 01:00:00+00:00,743.26,331.32,298.08,1124.12,1372.66,1694.02,COMBINED (Bhagirathi Calibrated + Bhilangna Modelled + Lateral Modelled)
2024-08-03 02:00:00+00:00,750.55,328.24,279.34,1129.58,1358.13,1621.38,COMBINED (Bhagirathi Calibrated + Bhilangna Modelled + Lateral Modelled)
2024-08-03 03:00:00+00:00,752.35,323.33,259.68,1127.06,1335.36,1551.19,COMBINED (Bhagirathi Calibrated + Bhilangna Modelled + Lateral Modelled)
2024-08-03 04:00:00+00:00,749.04,316.41,237.68,1116.83,1303.13,1473.2,COMBINED (Bhagirathi Calibrated + Bhilangna Modelled + Lateral Modelled)
2024-08-03 05:00:00+00:00,741.9,308.04,215.93,1101.01,1265.87,1398.09,COMBINED (Bhagirathi Calibrated + Bhilangna Modelled + Lateral Modelled)
2024-08-03 06:00:00+00:00,732.67,298.84,196.79,1082.43,1228.3,1333.85,COMBINED (Bhagirathi Calibrated + Bhilangna Modelled + Lateral Modelled)
2024-08-03 07:00:00+00:00,723.97,289.8,185.1,1065.66,1198.86,1298.27,COMBINED (Bhagirathi Calibrated + Bhilangna Modelled + Lateral Modelled)
2024-08-03 08:00:00+00:00,719.34,282.22,185.93,1056.04,1187.49,1310.54,COMBINED (Bhagirathi Calibrated + Bhilangna Modelled + Lateral Modelled)
2024-08-03 09:00:00+00:00,720.69,276.07,191.16,1054.33,1187.92,1335.55,COMBINED (Bhagirathi Calibrated + Bhilangna Modelled + Lateral Modelled)
2024-08-03 10:00:00+00:00,723.7,271.03,198.88,1055.79,1193.6,1363.35,COMBINED (Bhagirathi Calibrated + Bhilangna Modelled + Lateral Modelled)
2024-08-03 11:00:00+00:00,726.55,265.9,209.45,1058.17,1201.9,1392.05,COMBINED (Bhagirathi Calibrated + Bhilangna Modelled + Lateral Modelled)
2024-08-03 12:00:00+00:00,728.55,260.48,214.09,1058.54,1203.13,1392.09,COMBINED (Bhagirathi Calibrated + Bhilangna Modelled + Lateral Modelled)
2024-08-03 13:00:00+00:00,726.85,253.86,210.85,1052.89,1191.56,1359.01,COMBINED (Bhagirathi Calibrated + Bhilangna Modelled + Lateral Modelled)
2024-08-03 14:00:00+00:00,721.05,246.29,200.25,1040.81,1167.59,1300.88,COMBINED (Bhagirathi Calibrated + Bhilangna Modelled + Lateral Modelled)
2024-08-03 15:00:00+00:00,712.27,238.38,187.46,1024.46,1138.11,1242.15,COMBINED (Bhagirathi Calibrated + Bhilangna Modelled + Lateral Modelled)
2024-08-03 16:00:00+00:00,705.73,231.82,177.84,1010.74,1115.39,1209.35,COMBINED (Bhagirathi Calibrated + Bhilangna Modelled + Lateral Modelled)
2024-08-03 17:00:00+00:00,703.53,226.1,172.17,1002.17,1101.79,1198.36,COMBINED (Bhagirathi Calibrated + Bhilangna Modelled + Lateral Modelled)
2024-08-03 18:00:00+00:00,705.1,220.63,168.47,997.77,1094.2,1195.85,COMBINED (Bhagirathi Calibrated + Bhilangna Modelled + Lateral Modelled)
2024-08-03 19:00:00+00:00,708.64,214.89,163.99,994.98,1087.52,1188.55,COMBINED (Bhagirathi Calibrated + Bhilangna Modelled + Lateral Modelled)
2024-08-03 20:00:00+00:00,710.81,208.97,155.61,989.65,1075.38,1165.15,COMBINED (Bhagirathi Calibrated + Bhilangna Modelled + Lateral Modelled)
2024-08-03 21:00:00+00:00,711.25,202.76,145.3,981.85,1059.32,1134.19,COMBINED (Bhagirathi Calibrated + Bhilangna Modelled + Lateral Modelled)
2024-08-03 22:00:00+00:00,709.13,196.35,134.55,971.06,1040.03,1101.25,COMBINED (Bhagirathi Calibrated + Bhilangna Modelled + Lateral Modelled)
2024-08-03 23:00:00+00:00,703.58,189.86,124.12,956.66,1017.56,1067.44,COMBINED (Bhagirathi Calibrated + Bhilangna Modelled + Lateral Modelled)
2024-08-04 00:00:00+00:00,694.49,183.42,114.44,938.73,992.35,1033.28,COMBINED (Bhagirathi Calibrated + Bhilangna Modelled + Lateral Modelled)
2024-08-04 01:00:00+00:00,682.84,177.13,105.7,918.38,965.68,1000.13,COMBINED (Bhagirathi Calibrated + Bhilangna Modelled + Lateral Modelled)
2024-08-04 02:00:00+00:00,669.28,171.06,97.98,896.38,938.32,968.46,COMBINED (Bhagirathi Calibrated + Bhilangna Modelled + Lateral Modelled)
2024-08-04 03:00:00+00:00,654.34,165.23,91.26,873.3,910.83,938.42,COMBINED (Bhagirathi Calibrated + Bhilangna Modelled + Lateral Modelled)
2024-08-04 04:00:00+00:00,638.43,159.7,85.47,849.63,883.6,910.78,COMBINED (Bhagirathi Calibrated + Bhilangna Modelled + Lateral Modelled)
2024-08-04 05:00:00+00:00,621.97,154.47,80.53,825.8,856.98,885.47,COMBINED (Bhagirathi Calibrated + Bhilangna Modelled + Lateral Modelled)
2024-08-04 06:00:00+00:00,606.52,149.65,76.34,803.45,832.51,863.51,COMBINED (Bhagirathi Calibrated + Bhilangna Modelled + Lateral Modelled)
2024-08-04 07:00:00+00:00,594.25,146.25,72.84,784.94,813.34,850.41,COMBINED (Bhagirathi Calibrated + Bhilangna Modelled + Lateral Modelled)
2024-08-04 08:00:00+00:00,585.54,144.17,70.64,770.91,800.35,847.32,COMBINED (Bhagirathi Calibrated + Bhilangna Modelled + Lateral Modelled)
2024-08-04 09:00:00+00:00,580.99,143.75,73.97,763.16,798.71,869.1,COMBINED (Bhagirathi Calibrated + Bhilangna Modelled + Lateral Modelled)
2024-08-04 10:00:00+00:00,577.78,146.57,79.86,759.06,804.21,903.75,COMBINED (Bhagirathi Calibrated + Bhilangna Modelled + Lateral Modelled)
2024-08-04 11:00:00+00:00,573.32,152.94,92.53,757.16,818.8,963.67,COMBINED (Bhagirathi Calibrated + Bhilangna Modelled + Lateral Modelled)
2024-08-04 12:00:00+00:00,568.81,161.79,109.81,757.83,840.41,1035.49,COMBINED (Bhagirathi Calibrated + Bhilangna Modelled + Lateral Modelled)
2024-08-04 13:00:00+00:00,563.76,168.2,123.56,757.55,855.53,1073.29,COMBINED (Bhagirathi Calibrated + Bhilangna Modelled + Lateral Modelled)
2024-08-04 14:00:00+00:00,556.94,171.59,127.0,753.12,855.53,1059.98,COMBINED (Bhagirathi Calibrated + Bhilangna Modelled + Lateral Modelled)
2024-08-04 15:00:00+00:00,549.21,172.92,126.49,746.19,848.63,1033.25,COMBINED (Bhagirathi Calibrated + Bhilangna Modelled + Lateral Modelled)
2024-08-04 16:00:00+00:00,540.7,172.83,124.41,737.42,837.94,1003.93,COMBINED (Bhagirathi Calibrated + Bhilangna Modelled + Lateral Modelled)
2024-08-04 17:00:00+00:00,531.95,171.76,121.43,728.0,825.14,973.72,COMBINED (Bhagirathi Calibrated + Bhilangna Modelled + Lateral Modelled)
2024-08-04 18:00:00+00:00,524.26,172.59,124.99,721.78,821.84,978.05,COMBINED (Bhagirathi Calibrated + Bhilangna Modelled + Lateral Modelled)
2024-08-04 19:00:00+00:00,519.42,176.45,138.85,721.91,834.72,1027.7,COMBINED (Bhagirathi Calibrated + Bhilangna Modelled + Lateral Modelled)
2024-08-04 20:00:00+00:00,516.0,181.21,155.52,725.25,852.73,1079.29,COMBINED (Bhagirathi Calibrated + Bhilangna Modelled + Lateral Modelled)
2024-08-04 21:00:00+00:00,511.7,186.78,168.13,727.83,866.6,1109.72,COMBINED (Bhagirathi Calibrated + Bhilangna Modelled + Lateral Modelled)
2024-08-04 22:00:00+00:00,507.51,189.69,183.73,730.9,880.94,1138.95,COMBINED (Bhagirathi Calibrated + Bhilangna Modelled + Lateral Modelled)
2024-08-04 23:00:00+00:00,504.4,191.04,190.72,732.91,886.16,1132.16,COMBINED (Bhagirathi Calibrated + Bhilangna Modelled + Lateral Modelled)
