timestamp,tekhla_observed_discharge_m3s,station,role,source
2024-07-25 00:00:00+00:00,635.985,Tekhla,UPSTREAM OBSERVATION / PARTIAL INFLOW CALIBRATION CANDIDATE,CWC Uttarakhand Telemetry Archive (Hourly Mean Resampled)
2024-07-25 01:00:00+00:00,611.875,Tekhla,UPSTREAM OBSERVATION / PARTIAL INFLOW CALIBRATION CANDIDATE,CWC Uttarakhand Telemetry Archive (Hourly Mean Resampled)
2024-07-25 02:00:00+00:00,653.8425,Tekhla,UPSTREAM OBSERVATION / PARTIAL INFLOW CALIBRATION CANDIDATE,CWC Uttarakhand Telemetry Archive (Hourly Mean Resampled)
2024-07-25 03:00:00+00:00,677.9066666666666,Tekhla,UPSTREAM OBSERVATION / PARTIAL INFLOW CALIBRATION CANDIDATE,CWC Uttarakhand Telemetry Archive (Hourly Mean Resampled)
2024-07-25 04:00:00+00:00,677.0175,Tekhla,UPSTREAM OBSERVATION / PARTIAL INFLOW CALIBRATION CANDIDATE,CWC Uttarakhand Telemetry Archive (Hourly Mean Resampled)
2024-07-25 05:00:00+00:00,595.5475,Tekhla,UPSTREAM OBSERVATION / PARTIAL INFLOW CALIBRATION CANDIDATE,CWC Uttarakhand Telemetry Archive (Hourly Mean Resampled)
2024-07-25 06:00:00+00:00,559.3,Tekhla,UPSTREAM OBSERVATION / PARTIAL INFLOW CALIBRATION CANDIDATE,CWC Uttarakhand Telemetry Archive (Hourly Mean Resampled)
2024-07-25 07:00:00+00:00,559.3,Tekhla,UPSTREAM OBSERVATION / PARTIAL INFLOW CALIBRATION CANDIDATE,CWC Uttarakhand Telemetry Archive (Hourly Mean Resampled)
2024-07-25 08:00:00+00:00,559.3,Tekhla,UPSTREAM OBSERVATION / PARTIAL INFLOW CALIBRATION CANDIDATE,CWC Uttarakhand Telemetry Archive (Hourly Mean Resampled)
2024-07-25 09:00:00+00:00,559.3,Tekhla,UPSTREAM OBSERVATION / PARTIAL INFLOW CALIBRATION CANDIDATE,CWC Uttarakhand Telemetry Archive (Hourly Mean Resampled)
2024-07-25 10:00:00+00:00,559.3,Tekhla,UPSTREAM OBSERVATION / PARTIAL INFLOW CALIBRATION CANDIDATE,CWC Uttarakhand Telemetry Archive (Hourly Mean Resampled)
2024-07-25 11:00:00+00:00,559.3,Tekhla,UPSTREAM OBSERVATION / PARTIAL INFLOW CALIBRATION CANDIDATE,CWC Uttarakhand Telemetry Archive (Hourly Mean Resampled)
2024-07-25 12:00:00+00:00,559.3,Tekhla,UPSTREAM OBSERVATION / PARTIAL INFLOW CALIBRATION CANDIDATE,CWC Uttarakhand Telemetry Archive (Hourly Mean Resampled)
2024-07-25 13:00:00+00:00,559.3,Tekhla,UPSTREAM OBSERVATION / PARTIAL INFLOW CALIBRATION CANDIDATE,CWC Uttarakhand Telemetry Archive (Hourly Mean Resampled)
2024-07-25 14:00:00+00:00,559.3,Tekhla,UPSTREAM OBSERVATION / PARTIAL INFLOW CALIBRATION CANDIDATE,CWC Uttarakhand Telemetry Archive (Hourly Mean Resampled)
2024-07-25 15:00:00+00:00,559.3,Tekhla,UPSTREAM OBSERVATION / PARTIAL INFLOW CALIBRATION CANDIDATE,CWC Uttarakhand Telemetry Archive (Hourly Mean Resampled)
2024-07-25 16:00:00+00:00,559.3,Tekhla,UPSTREAM OBSERVATION / PARTIAL INFLOW CALIBRATION CANDIDATE,CWC Uttarakhand Telemetry Archive (Hourly Mean Resampled)
2024-07-25 17:00:00+00:00,559.3,Tekhla,UPSTREAM OBSERVATION / PARTIAL INFLOW CALIBRATION CANDIDATE,CWC Uttarakhand Telemetry Archive (Hourly Mean Resampled)
2024-07-25 18:00:00+00:00,559.3,Tekhla,UPSTREAM OBSERVATION / PARTIAL INFLOW CALIBRATION CANDIDATE,CWC Uttarakhand Telemetry Archive (Hourly Mean Resampled)
2024-07-25 19:00:00+00:00,559.3,Tekhla,UPSTREAM OBSERVATION / PARTIAL INFLOW CALIBRATION CANDIDATE,CWC Uttarakhand Telemetry Archive (Hourly Mean Resampled)
2024-07-25 20:00:00+00:00,559.3,Tekhla,UPSTREAM OBSERVATION / PARTIAL INFLOW CALIBRATION CANDIDATE,CWC Uttarakhand Telemetry Archive (Hourly Mean Resampled)
2024-07-25 21:00:00+00:00,559.3,Tekhla,UPSTREAM OBSERVATION / PARTIAL INFLOW CALIBRATION CANDIDATE,CWC Uttarakhand Telemetry Archive (Hourly Mean Resampled)
2024-07-25 22:00:00+00:00,559.3,Tekhla,UPSTREAM OBSERVATION / PARTIAL INFLOW CALIBRATION CANDIDATE,CWC Uttarakhand Telemetry Archive (Hourly Mean Resampled)
2024-07-25 23:00:00+00:00,559.3,Tekhla,UPSTREAM OBSERVATION / PARTIAL INFLOW CALIBRATION CANDIDATE,CWC Uttarakhand Telemetry Archive (Hourly Mean Resampled)
2024-07-26 00:00:00+00:00,559.3,Tekhla,UPSTREAM OBSERVATION / PARTIAL INFLOW CALIBRATION CANDIDATE,CWC Uttarakhand Telemetry Archive (Hourly Mean Resampled)
2024-07-26 01:00:00+00:00,559.3,Tekhla,UPSTREAM OBSERVATION / PARTIAL INFLOW CALIBRATION CANDIDATE,CWC Uttarakhand Telemetry Archive (Hourly Mean Resampled)
2024-07-26 02:00:00+00:00,559.3,Tekhla,UPSTREAM OBSERVATION / PARTIAL INFLOW CALIBRATION CANDIDATE,CWC Uttarakhand Telemetry Archive (Hourly Mean Resampled)
2024-07-26 03:00:00+00:00,559.3,Tekhla,UPSTREAM OBSERVATION / PARTIAL INFLOW CALIBRATION CANDIDATE,CWC Uttarakhand Telemetry Archive (Hourly Mean Resampled)
2024-07-26 04:00:00+00:00,559.3,Tekhla,UPSTREAM OBSERVATION / PARTIAL INFLOW CALIBRATION CANDIDATE,CWC Uttarakhand Telemetry Archive (Hourly Mean Resampled)
2024-07-26 05:00:00+00:00,595.9,Tekhla,UPSTREAM OBSERVATION / PARTIAL INFLOW CALIBRATION CANDIDATE,CWC Uttarakhand Telemetry Archive (Hourly Mean Resampled)
2024-07-26 06:00:00+00:00,764.5925,Tekhla,UPSTREAM OBSERVATION / PARTIAL INFLOW CALIBRATION CANDIDATE,CWC Uttarakhand Telemetry Archive (Hourly Mean Resampled)
2024-07-26 07:00:00+00:00,787.5699999999999,Tekhla,UPSTREAM OBSERVATION / PARTIAL INFLOW CALIBRATION CANDIDATE,CWC Uttarakhand Telemetry Archive (Hourly Mean Resampled)
2024-07-26 08:00:00+00:00,743.4975,Tekhla,UPSTREAM OBSERVATION / PARTIAL INFLOW CALIBRATION CANDIDATE,CWC Uttarakhand Telemetry Archive (Hourly Mean Resampled)
2024-07-26 09:00:00+00:00,717.325,Tekhla,UPSTREAM OBSERVATION / PARTIAL INFLOW CALIBRATION CANDIDATE,CWC Uttarakhand Telemetry Archive (Hourly Mean Resampled)
2024-07-26 10:00:00+00:00,680.3833333333333,Tekhla,UPSTREAM OBSERVATION / PARTIAL INFLOW CALIBRATION CANDIDATE,CWC Uttarakhand Telemetry Archive (Hourly Mean Resampled)
2024-07-26 11:00:00+00:00,651.3,Tekhla,UPSTREAM OBSERVATION / PARTIAL INFLOW CALIBRATION CANDIDATE,CWC Uttarakhand Telemetry Archive (Hourly Mean Resampled)
2024-07-26 12:00:00+00:00,612.9433333333333,Tekhla,UPSTREAM OBSERVATION / PARTIAL INFLOW CALIBRATION CANDIDATE,CWC Uttarakhand Telemetry Archive (Hourly Mean Resampled)
2024-07-26 13:00:00+00:00,591.175,Tekhla,UPSTREAM OBSERVATION / PARTIAL INFLOW CALIBRATION CANDIDATE,CWC Uttarakhand Telemetry Archive (Hourly Mean Resampled)
2024-07-26 14:00:00+00:00,589.125,Tekhla,UPSTREAM OBSERVATION / PARTIAL INFLOW CALIBRATION CANDIDATE,CWC Uttarakhand Telemetry Archive (Hourly Mean Resampled)
2024-07-26 15:00:00+00:00,617.92,Tekhla,UPSTREAM OBSERVATION / PARTIAL INFLOW CALIBRATION CANDIDATE,CWC Uttarakhand Telemetry Archive (Hourly Mean Resampled)
2024-07-26 16:00:00+00:00,614.34,Tekhla,UPSTREAM OBSERVATION / PARTIAL INFLOW CALIBRATION CANDIDATE,CWC Uttarakhand Telemetry Archive (Hourly Mean Resampled)
2024-07-26 17:00:00+00:00,639.1,Tekhla,UPSTREAM OBSERVATION / PARTIAL INFLOW CALIBRATION CANDIDATE,CWC Uttarakhand Telemetry Archive (Hourly Mean Resampled)
2024-07-26 18:00:00+00:00,666.345,Tekhla,UPSTREAM OBSERVATION / PARTIAL INFLOW CALIBRATION CANDIDATE,CWC Uttarakhand Telemetry Archive (Hourly Mean Resampled)
2024-07-26 19:00:00+00:00,697.235,Tekhla,UPSTREAM OBSERVATION / PARTIAL INFLOW CALIBRATION CANDIDATE,CWC Uttarakhand Telemetry Archive (Hourly Mean Resampled)
2024-07-26 20:00:00+00:00,728.9366666666666,Tekhla,UPSTREAM OBSERVATION / PARTIAL INFLOW CALIBRATION CANDIDATE,CWC Uttarakhand Telemetry Archive (Hourly Mean Resampled)
2024-07-26 21:00:00+00:00,723.6166666666667,Tekhla,UPSTREAM OBSERVATION / PARTIAL INFLOW CALIBRATION CANDIDATE,CWC Uttarakhand Telemetry Archive (Hourly Mean Resampled)
2024-07-26 22:00:00+00:00,723.595,Tekhla,UPSTREAM OBSERVATION / PARTIAL INFLOW CALIBRATION CANDIDATE,CWC Uttarakhand Telemetry Archive (Hourly Mean Resampled)
2024-07-26 23:00:00+00:00,755.53,Tekhla,UPSTREAM OBSERVATION / PARTIAL INFLOW CALIBRATION CANDIDATE,CWC Uttarakhand Telemetry Archive (Hourly Mean Resampled)
2024-07-27 00:00:00+00:00,673.3225,Tekhla,UPSTREAM OBSERVATION / PARTIAL INFLOW CALIBRATION CANDIDATE,CWC Uttarakhand Telemetry Archive (Hourly Mean Resampled)
2024-07-27 01:00:00+00:00,621.8675000000001,Tekhla,UPSTREAM OBSERVATION / PARTIAL INFLOW CALIBRATION CANDIDATE,CWC Uttarakhand Telemetry Archive (Hourly Mean Resampled)
2024-07-27 02:00:00+00:00,663.1475,Tekhla,UPSTREAM OBSERVATION / PARTIAL INFLOW CALIBRATION CANDIDATE,CWC Uttarakhand Telemetry Archive (Hourly Mean Resampled)
2024-07-27 03:00:00+00:00,711.01,Tekhla,UPSTREAM OBSERVATION / PARTIAL INFLOW CALIBRATION CANDIDATE,CWC Uttarakhand Telemetry Archive (Hourly Mean Resampled)
2024-07-27 04:00:00+00:00,797.3000000000001,Tekhla,UPSTREAM OBSERVATION / PARTIAL INFLOW CALIBRATION CANDIDATE,CWC Uttarakhand Telemetry Archive (Hourly Mean Resampled)
2024-07-27 05:00:00+00:00,647.0,Tekhla,UPSTREAM OBSERVATION / PARTIAL INFLOW CALIBRATION CANDIDATE,CWC Uttarakhand Telemetry Archive (Hourly Mean Resampled)
2024-07-27 06:00:00+00:00,614.155,Tekhla,UPSTREAM OBSERVATION / PARTIAL INFLOW CALIBRATION CANDIDATE,CWC Uttarakhand Telemetry Archive (Hourly Mean Resampled)
2024-07-27 07:00:00+00:00,660.5450000000001,Tekhla,UPSTREAM OBSERVATION / PARTIAL INFLOW CALIBRATION CANDIDATE,CWC Uttarakhand Telemetry Archive (Hourly Mean Resampled)
2024-07-27 08:00:00+00:00,729.9200000000001,Tekhla,UPSTREAM OBSERVATION / PARTIAL INFLOW CALIBRATION CANDIDATE,CWC Uttarakhand Telemetry Archive (Hourly Mean Resampled)
2024-07-27 09:00:00+00:00,646.4699999999999,Tekhla,UPSTREAM OBSERVATION / PARTIAL INFLOW CALIBRATION CANDIDATE,CWC Uttarakhand Telemetry Archive (Hourly Mean Resampled)
2024-07-27 10:00:00+00:00,604.465,Tekhla,UPSTREAM OBSERVATION / PARTIAL INFLOW CALIBRATION CANDIDATE,CWC Uttarakhand Telemetry Archive (Hourly Mean Resampled)
2024-07-27 11:00:00+00:00,564.045,Tekhla,UPSTREAM OBSERVATION / PARTIAL INFLOW CALIBRATION CANDIDATE,CWC Uttarakhand Telemetry Archive (Hourly Mean Resampled)
2024-07-27 12:00:00+00:00,585.095,Tekhla,UPSTREAM OBSERVATION / PARTIAL INFLOW CALIBRATION CANDIDATE,CWC Uttarakhand Telemetry Archive (Hourly Mean Resampled)
2024-07-27 13:00:00+00:00,613.1625,Tekhla,UPSTREAM OBSERVATION / PARTIAL INFLOW CALIBRATION CANDIDATE,CWC Uttarakhand Telemetry Archive (Hourly Mean Resampled)
2024-07-27 14:00:00+00:00,640.43,Tekhla,UPSTREAM OBSERVATION / PARTIAL INFLOW CALIBRATION CANDIDATE,CWC Uttarakhand Telemetry Archive (Hourly Mean Resampled)
2024-07-27 15:00:00+00:00,633.735,Tekhla,UPSTREAM OBSERVATION / PARTIAL INFLOW CALIBRATION CANDIDATE,CWC Uttarakhand Telemetry Archive (Hourly Mean Resampled)
2024-07-27 16:00:00+00:00,634.2925,Tekhla,UPSTREAM OBSERVATION / PARTIAL INFLOW CALIBRATION CANDIDATE,CWC Uttarakhand Telemetry Archive (Hourly Mean Resampled)
2024-07-27 17:00:00+00:00,656.4925000000001,Tekhla,UPSTREAM OBSERVATION / PARTIAL INFLOW CALIBRATION CANDIDATE,CWC Uttarakhand Telemetry Archive (Hourly Mean Resampled)
2024-07-27 18:00:00+00:00,626.665,Tekhla,UPSTREAM OBSERVATION / PARTIAL INFLOW CALIBRATION CANDIDATE,CWC Uttarakhand Telemetry Archive (Hourly Mean Resampled)
2024-07-27 19:00:00+00:00,629.375,Tekhla,UPSTREAM OBSERVATION / PARTIAL INFLOW CALIBRATION CANDIDATE,CWC Uttarakhand Telemetry Archive (Hourly Mean Resampled)
2024-07-27 20:00:00+00:00,625.255,Tekhla,UPSTREAM OBSERVATION / PARTIAL INFLOW CALIBRATION CANDIDATE,CWC Uttarakhand Telemetry Archive (Hourly Mean Resampled)
2024-07-27 21:00:00+00:00,618.3924999999999,Tekhla,UPSTREAM OBSERVATION / PARTIAL INFLOW CALIBRATION CANDIDATE,CWC Uttarakhand Telemetry Archive (Hourly Mean Resampled)
2024-07-27 22:00:00+00:00,624.065,Tekhla,UPSTREAM OBSERVATION / PARTIAL INFLOW CALIBRATION CANDIDATE,CWC Uttarakhand Telemetry Archive (Hourly Mean Resampled)
2024-07-27 23:00:00+00:00,646.0799999999999,Tekhla,UPSTREAM OBSERVATION / PARTIAL INFLOW CALIBRATION CANDIDATE,CWC Uttarakhand Telemetry Archive (Hourly Mean Resampled)
2024-07-28 00:00:00+00:00,663.15,Tekhla,UPSTREAM OBSERVATION / PARTIAL INFLOW CALIBRATION CANDIDATE,CWC Uttarakhand Telemetry Archive (Hourly Mean Resampled)
2024-07-28 01:00:00+00:00,665.6433333333333,Tekhla,UPSTREAM OBSERVATION / PARTIAL INFLOW CALIBRATION CANDIDATE,CWC Uttarakhand Telemetry Archive (Hourly Mean Resampled)
2024-07-28 02:00:00+00:00,654.2525,Tekhla,UPSTREAM OBSERVATION / PARTIAL INFLOW CALIBRATION CANDIDATE,CWC Uttarakhand Telemetry Archive (Hourly Mean Resampled)
2024-07-28 03:00:00+00:00,637.3275000000001,Tekhla,UPSTREAM OBSERVATION / PARTIAL INFLOW CALIBRATION CANDIDATE,CWC Uttarakhand Telemetry Archive (Hourly Mean Resampled)
2024-07-28 04:00:00+00:00,636.5374999999999,Tekhla,UPSTREAM OBSERVATION / PARTIAL INFLOW CALIBRATION CANDIDATE,CWC Uttarakhand Telemetry Archive (Hourly Mean Resampled)
2024-07-28 05:00:00+00:00,630.9066666666666,Tekhla,UPSTREAM OBSERVATION / PARTIAL INFLOW CALIBRATION CANDIDATE,CWC Uttarakhand Telemetry Archive (Hourly Mean Resampled)
2024-07-28 06:00:00+00:00,619.185,Tekhla,UPSTREAM OBSERVATION / PARTIAL INFLOW CALIBRATION CANDIDATE,CWC Uttarakhand Telemetry Archive (Hourly Mean Resampled)
2024-07-28 07:00:00+00:00,601.2425,Tekhla,UPSTREAM OBSERVATION / PARTIAL INFLOW CALIBRATION CANDIDATE,CWC Uttarakhand Telemetry Archive (Hourly Mean Resampled)
2024-07-28 08:00:00+00:00,611.6800000000001,Tekhla,UPSTREAM OBSERVATION / PARTIAL INFLOW CALIBRATION CANDIDATE,CWC Uttarakhand Telemetry Archive (Hourly Mean Resampled)
2024-07-28 09:00:00+00:00,571.475,Tekhla,UPSTREAM OBSERVATION / PARTIAL INFLOW CALIBRATION CANDIDATE,CWC Uttarakhand Telemetry Archive (Hourly Mean Resampled)
2024-07-28 10:00:00+00:00,459.7866666666667,Tekhla,UPSTREAM OBSERVATION / PARTIAL INFLOW CALIBRATION CANDIDATE,CWC Uttarakhand Telemetry Archive (Hourly Mean Resampled)
2024-07-28 11:00:00+00:00,598.825,Tekhla,UPSTREAM OBSERVATION / PARTIAL INFLOW CALIBRATION CANDIDATE,CWC Uttarakhand Telemetry Archive (Hourly Mean Resampled)
2024-07-28 12:00:00+00:00,490.355,Tekhla,UPSTREAM OBSERVATION / PARTIAL INFLOW CALIBRATION CANDIDATE,CWC Uttarakhand Telemetry Archive (Hourly Mean Resampled)
2024-07-28 13:00:00+00:00,490.6625,Tekhla,UPSTREAM OBSERVATION / PARTIAL INFLOW CALIBRATION CANDIDATE,CWC Uttarakhand Telemetry Archive (Hourly Mean Resampled)
2024-07-28 14:00:00+00:00,500.38750000000005,Tekhla,UPSTREAM OBSERVATION / PARTIAL INFLOW CALIBRATION CANDIDATE,CWC Uttarakhand Telemetry Archive (Hourly Mean Resampled)
2024-07-28 15:00:00+00:00,510.57750000000004,Tekhla,UPSTREAM OBSERVATION / PARTIAL INFLOW CALIBRATION CANDIDATE,CWC Uttarakhand Telemetry Archive (Hourly Mean Resampled)
2024-07-28 16:00:00+00:00,610.4449999999999,Tekhla,UPSTREAM OBSERVATION / PARTIAL INFLOW CALIBRATION CANDIDATE,CWC Uttarakhand Telemetry Archive (Hourly Mean Resampled)
2024-07-28 17:00:00+00:00,660.4466666666666,Tekhla,UPSTREAM OBSERVATION / PARTIAL INFLOW CALIBRATION CANDIDATE,CWC Uttarakhand Telemetry Archive (Hourly Mean Resampled)
2024-07-28 18:00:00+00:00,671.71,Tekhla,UPSTREAM OBSERVATION / PARTIAL INFLOW CALIBRATION CANDIDATE,CWC Uttarakhand Telemetry Archive (Hourly Mean Resampled)
2024-07-28 19:00:00+00:00,681.9275,Tekhla,UPSTREAM OBSERVATION / PARTIAL INFLOW CALIBRATION CANDIDATE,CWC Uttarakhand Telemetry Archive (Hourly Mean Resampled)
2024-07-28 20:00:00+00:00,687.0099999999999,Tekhla,UPSTREAM OBSERVATION / PARTIAL INFLOW CALIBRATION CANDIDATE,CWC Uttarakhand Telemetry Archive (Hourly Mean Resampled)
2024-07-28 21:00:00+00:00,677.2950000000001,Tekhla,UPSTREAM OBSERVATION / PARTIAL INFLOW CALIBRATION CANDIDATE,CWC Uttarakhand Telemetry Archive (Hourly Mean Resampled)
2024-07-28 22:00:00+00:00,659.755,Tekhla,UPSTREAM OBSERVATION / PARTIAL INFLOW CALIBRATION CANDIDATE,CWC Uttarakhand Telemetry Archive (Hourly Mean Resampled)
2024-07-28 23:00:00+00:00,662.4499999999999,Tekhla,UPSTREAM OBSERVATION / PARTIAL INFLOW CALIBRATION CANDIDATE,CWC Uttarakhand Telemetry Archive (Hourly Mean Resampled)
2024-07-29 00:00:00+00:00,666.5766666666667,Tekhla,UPSTREAM OBSERVATION / PARTIAL INFLOW CALIBRATION CANDIDATE,CWC Uttarakhand Telemetry Archive (Hourly Mean Resampled)
2024-07-29 01:00:00+00:00,660.0133333333333,Tekhla,UPSTREAM OBSERVATION / PARTIAL INFLOW CALIBRATION CANDIDATE,CWC Uttarakhand Telemetry Archive (Hourly Mean Resampled)
2024-07-29 02:00:00+00:00,644.9766666666666,Tekhla,UPSTREAM OBSERVATION / PARTIAL INFLOW CALIBRATION CANDIDATE,CWC Uttarakhand Telemetry Archive (Hourly Mean Resampled)
2024-07-29 03:00:00+00:00,615.6033333333334,Tekhla,UPSTREAM OBSERVATION / PARTIAL INFLOW CALIBRATION CANDIDATE,CWC Uttarakhand Telemetry Archive (Hourly Mean Resampled)
2024-07-29 04:00:00+00:00,646.5725,Tekhla,UPSTREAM OBSERVATION / PARTIAL INFLOW CALIBRATION CANDIDATE,CWC Uttarakhand Telemetry Archive (Hourly Mean Resampled)
2024-07-29 05:00:00+00:00,644.6475,Tekhla,UPSTREAM OBSERVATION / PARTIAL INFLOW CALIBRATION CANDIDATE,CWC Uttarakhand Telemetry Archive (Hourly Mean Resampled)
2024-07-29 06:00:00+00:00,649.8833333333333,Tekhla,UPSTREAM OBSERVATION / PARTIAL INFLOW CALIBRATION CANDIDATE,CWC Uttarakhand Telemetry Archive (Hourly Mean Resampled)
2024-07-29 07:00:00+00:00,614.87,Tekhla,UPSTREAM OBSERVATION / PARTIAL INFLOW CALIBRATION CANDIDATE,CWC Uttarakhand Telemetry Archive (Hourly Mean Resampled)
2024-07-29 08:00:00+00:00,533.245,Tekhla,UPSTREAM OBSERVATION / PARTIAL INFLOW CALIBRATION CANDIDATE,CWC Uttarakhand Telemetry Archive (Hourly Mean Resampled)
2024-07-29 09:00:00+00:00,488.3375,Tekhla,UPSTREAM OBSERVATION / PARTIAL INFLOW CALIBRATION CANDIDATE,CWC Uttarakhand Telemetry Archive (Hourly Mean Resampled)
2024-07-29 10:00:00+00:00,449.81,Tekhla,UPSTREAM OBSERVATION / PARTIAL INFLOW CALIBRATION CANDIDATE,CWC Uttarakhand Telemetry Archive (Hourly Mean Resampled)
2024-07-29 11:00:00+00:00,422.935,Tekhla,UPSTREAM OBSERVATION / PARTIAL INFLOW CALIBRATION CANDIDATE,CWC Uttarakhand Telemetry Archive (Hourly Mean Resampled)
2024-07-29 12:00:00+00:00,401.1675,Tekhla,UPSTREAM OBSERVATION / PARTIAL INFLOW CALIBRATION CANDIDATE,CWC Uttarakhand Telemetry Archive (Hourly Mean Resampled)
2024-07-29 13:00:00+00:00,401.2525,Tekhla,UPSTREAM OBSERVATION / PARTIAL INFLOW CALIBRATION CANDIDATE,CWC Uttarakhand Telemetry Archive (Hourly Mean Resampled)
2024-07-29 14:00:00+00:00,414.7275,Tekhla,UPSTREAM OBSERVATION / PARTIAL INFLOW CALIBRATION CANDIDATE,CWC Uttarakhand Telemetry Archive (Hourly Mean Resampled)
2024-07-29 15:00:00+00:00,471.505,Tekhla,UPSTREAM OBSERVATION / PARTIAL INFLOW CALIBRATION CANDIDATE,CWC Uttarakhand Telemetry Archive (Hourly Mean Resampled)
2024-07-29 16:00:00+00:00,507.445,Tekhla,UPSTREAM OBSERVATION / PARTIAL INFLOW CALIBRATION CANDIDATE,CWC Uttarakhand Telemetry Archive (Hourly Mean Resampled)
2024-07-29 17:00:00+00:00,635.17,Tekhla,UPSTREAM OBSERVATION / PARTIAL INFLOW CALIBRATION CANDIDATE,CWC Uttarakhand Telemetry Archive (Hourly Mean Resampled)
2024-07-29 18:00:00+00:00,652.2975,Tekhla,UPSTREAM OBSERVATION / PARTIAL INFLOW CALIBRATION CANDIDATE,CWC Uttarakhand Telemetry Archive (Hourly Mean Resampled)
2024-07-29 19:00:00+00:00,654.28,Tekhla,UPSTREAM OBSERVATION / PARTIAL INFLOW CALIBRATION CANDIDATE,CWC Uttarakhand Telemetry Archive (Hourly Mean Resampled)
2024-07-29 20:00:00+00:00,665.6625,Tekhla,UPSTREAM OBSERVATION / PARTIAL INFLOW CALIBRATION CANDIDATE,CWC Uttarakhand Telemetry Archive (Hourly Mean Resampled)
2024-07-29 21:00:00+00:00,673.4100000000001,Tekhla,UPSTREAM OBSERVATION / PARTIAL INFLOW CALIBRATION CANDIDATE,CWC Uttarakhand Telemetry Archive (Hourly Mean Resampled)
2024-07-29 22:00:00+00:00,662.2175,Tekhla,UPSTREAM OBSERVATION / PARTIAL INFLOW CALIBRATION CANDIDATE,CWC Uttarakhand Telemetry Archive (Hourly Mean Resampled)
2024-07-29 23:00:00+00:00,670.6975,Tekhla,UPSTREAM OBSERVATION / PARTIAL INFLOW CALIBRATION CANDIDATE,CWC Uttarakhand Telemetry Archive (Hourly Mean Resampled)
2024-07-30 00:00:00+00:00,682.885,Tekhla,UPSTREAM OBSERVATION / PARTIAL INFLOW CALIBRATION CANDIDATE,CWC Uttarakhand Telemetry Archive (Hourly Mean Resampled)
2024-07-30 01:00:00+00:00,690.52,Tekhla,UPSTREAM OBSERVATION / PARTIAL INFLOW CALIBRATION CANDIDATE,CWC Uttarakhand Telemetry Archive (Hourly Mean Resampled)
2024-07-30 02:00:00+00:00,680.0125,Tekhla,UPSTREAM OBSERVATION / PARTIAL INFLOW CALIBRATION CANDIDATE,CWC Uttarakhand Telemetry Archive (Hourly Mean Resampled)
2024-07-30 03:00:00+00:00,715.96,Tekhla,UPSTREAM OBSERVATION / PARTIAL INFLOW CALIBRATION CANDIDATE,CWC Uttarakhand Telemetry Archive (Hourly Mean Resampled)
2024-07-30 04:00:00+00:00,649.535,Tekhla,UPSTREAM OBSERVATION / PARTIAL INFLOW CALIBRATION CANDIDATE,CWC Uttarakhand Telemetry Archive (Hourly Mean Resampled)
2024-07-30 05:00:00+00:00,569.0775,Tekhla,UPSTREAM OBSERVATION / PARTIAL INFLOW CALIBRATION CANDIDATE,CWC Uttarakhand Telemetry Archive (Hourly Mean Resampled)
2024-07-30 06:00:00+00:00,518.6875,Tekhla,UPSTREAM OBSERVATION / PARTIAL INFLOW CALIBRATION CANDIDATE,CWC Uttarakhand Telemetry Archive (Hourly Mean Resampled)
2024-07-30 07:00:00+00:00,488.705,Tekhla,UPSTREAM OBSERVATION / PARTIAL INFLOW CALIBRATION CANDIDATE,CWC Uttarakhand Telemetry Archive (Hourly Mean Resampled)
2024-07-30 08:00:00+00:00,470.9975,Tekhla,UPSTREAM OBSERVATION / PARTIAL INFLOW CALIBRATION CANDIDATE,CWC Uttarakhand Telemetry Archive (Hourly Mean Resampled)
2024-07-30 09:00:00+00:00,432.94,Tekhla,UPSTREAM OBSERVATION / PARTIAL INFLOW CALIBRATION CANDIDATE,CWC Uttarakhand Telemetry Archive (Hourly Mean Resampled)
2024-07-30 10:00:00+00:00,403.01,Tekhla,UPSTREAM OBSERVATION / PARTIAL INFLOW CALIBRATION CANDIDATE,CWC Uttarakhand Telemetry Archive (Hourly Mean Resampled)
2024-07-30 11:00:00+00:00,393.1275,Tekhla,UPSTREAM OBSERVATION / PARTIAL INFLOW CALIBRATION CANDIDATE,CWC Uttarakhand Telemetry Archive (Hourly Mean Resampled)
2024-07-30 12:00:00+00:00,391.2975,Tekhla,UPSTREAM OBSERVATION / PARTIAL INFLOW CALIBRATION CANDIDATE,CWC Uttarakhand Telemetry Archive (Hourly Mean Resampled)
2024-07-30 13:00:00+00:00,387.09000000000003,Tekhla,UPSTREAM OBSERVATION / PARTIAL INFLOW CALIBRATION CANDIDATE,CWC Uttarakhand Telemetry Archive (Hourly Mean Resampled)
2024-07-30 14:00:00+00:00,396.0575,Tekhla,UPSTREAM OBSERVATION / PARTIAL INFLOW CALIBRATION CANDIDATE,CWC Uttarakhand Telemetry Archive (Hourly Mean Resampled)
2024-07-30 15:00:00+00:00,434.2,Tekhla,UPSTREAM OBSERVATION / PARTIAL INFLOW CALIBRATION CANDIDATE,CWC Uttarakhand Telemetry Archive (Hourly Mean Resampled)
2024-07-30 16:00:00+00:00,520.4975000000001,Tekhla,UPSTREAM OBSERVATION / PARTIAL INFLOW CALIBRATION CANDIDATE,CWC Uttarakhand Telemetry Archive (Hourly Mean Resampled)
2024-07-30 17:00:00+00:00,607.9,Tekhla,UPSTREAM OBSERVATION / PARTIAL INFLOW CALIBRATION CANDIDATE,CWC Uttarakhand Telemetry Archive (Hourly Mean Resampled)
2024-07-30 18:00:00+00:00,666.0725,Tekhla,UPSTREAM OBSERVATION / PARTIAL INFLOW CALIBRATION CANDIDATE,CWC Uttarakhand Telemetry Archive (Hourly Mean Resampled)
2024-07-30 19:00:00+00:00,684.625,Tekhla,UPSTREAM OBSERVATION / PARTIAL INFLOW CALIBRATION CANDIDATE,CWC Uttarakhand Telemetry Archive (Hourly Mean Resampled)
2024-07-30 20:00:00+00:00,679.4133333333334,Tekhla,UPSTREAM OBSERVATION / PARTIAL INFLOW CALIBRATION CANDIDATE,CWC Uttarakhand Telemetry Archive (Hourly Mean Resampled)
2024-07-30 21:00:00+00:00,686.48,Tekhla,UPSTREAM OBSERVATION / PARTIAL INFLOW CALIBRATION CANDIDATE,CWC Uttarakhand Telemetry Archive (Hourly Mean Resampled)
2024-07-30 22:00:00+00:00,667.77,Tekhla,UPSTREAM OBSERVATION / PARTIAL INFLOW CALIBRATION CANDIDATE,CWC Uttarakhand Telemetry Archive (Hourly Mean Resampled)
2024-07-30 23:00:00+00:00,714.4166666666666,Tekhla,UPSTREAM OBSERVATION / PARTIAL INFLOW CALIBRATION CANDIDATE,CWC Uttarakhand Telemetry Archive (Hourly Mean Resampled)
2024-07-31 00:00:00+00:00,726.2066666666666,Tekhla,UPSTREAM OBSERVATION / PARTIAL INFLOW CALIBRATION CANDIDATE,CWC Uttarakhand Telemetry Archive (Hourly Mean Resampled)
2024-07-31 01:00:00+00:00,648.2574999999999,Tekhla,UPSTREAM OBSERVATION / PARTIAL INFLOW CALIBRATION CANDIDATE,CWC Uttarakhand Telemetry Archive (Hourly Mean Resampled)
2024-07-31 02:00:00+00:00,665.3325,Tekhla,UPSTREAM OBSERVATION / PARTIAL INFLOW CALIBRATION CANDIDATE,CWC Uttarakhand Telemetry Archive (Hourly Mean Resampled)
2024-07-31 03:00:00+00:00,593.705,Tekhla,UPSTREAM OBSERVATION / PARTIAL INFLOW CALIBRATION CANDIDATE,CWC Uttarakhand Telemetry Archive (Hourly Mean Resampled)
2024-07-31 04:00:00+00:00,564.94,Tekhla,UPSTREAM OBSERVATION / PARTIAL INFLOW CALIBRATION CANDIDATE,CWC Uttarakhand Telemetry Archive (Hourly Mean Resampled)
2024-07-31 05:00:00+00:00,526.1225,Tekhla,UPSTREAM OBSERVATION / PARTIAL INFLOW CALIBRATION CANDIDATE,CWC Uttarakhand Telemetry Archive (Hourly Mean Resampled)
2024-07-31 06:00:00+00:00,516.8125,Tekhla,UPSTREAM OBSERVATION / PARTIAL INFLOW CALIBRATION CANDIDATE,CWC Uttarakhand Telemetry Archive (Hourly Mean Resampled)
2024-07-31 07:00:00+00:00,475.5825,Tekhla,UPSTREAM OBSERVATION / PARTIAL INFLOW CALIBRATION CANDIDATE,CWC Uttarakhand Telemetry Archive (Hourly Mean Resampled)
2024-07-31 08:00:00+00:00,426.9575,Tekhla,UPSTREAM OBSERVATION / PARTIAL INFLOW CALIBRATION CANDIDATE,CWC Uttarakhand Telemetry Archive (Hourly Mean Resampled)
2024-07-31 09:00:00+00:00,401.0725,Tekhla,UPSTREAM OBSERVATION / PARTIAL INFLOW CALIBRATION CANDIDATE,CWC Uttarakhand Telemetry Archive (Hourly Mean Resampled)
2024-07-31 10:00:00+00:00,420.2175,Tekhla,UPSTREAM OBSERVATION / PARTIAL INFLOW CALIBRATION CANDIDATE,CWC Uttarakhand Telemetry Archive (Hourly Mean Resampled)
2024-07-31 11:00:00+00:00,406.59000000000003,Tekhla,UPSTREAM OBSERVATION / PARTIAL INFLOW CALIBRATION CANDIDATE,CWC Uttarakhand Telemetry Archive (Hourly Mean Resampled)
2024-07-31 12:00:00+00:00,453.135,Tekhla,UPSTREAM OBSERVATION / PARTIAL INFLOW CALIBRATION CANDIDATE,CWC Uttarakhand Telemetry Archive (Hourly Mean Resampled)
2024-07-31 13:00:00+00:00,440.2675,Tekhla,UPSTREAM OBSERVATION / PARTIAL INFLOW CALIBRATION CANDIDATE,CWC Uttarakhand Telemetry Archive (Hourly Mean Resampled)
2024-07-31 14:00:00+00:00,422.535,Tekhla,UPSTREAM OBSERVATION / PARTIAL INFLOW CALIBRATION CANDIDATE,CWC Uttarakhand Telemetry Archive (Hourly Mean Resampled)
2024-07-31 15:00:00+00:00,463.42,Tekhla,UPSTREAM OBSERVATION / PARTIAL INFLOW CALIBRATION CANDIDATE,CWC Uttarakhand Telemetry Archive (Hourly Mean Resampled)
2024-07-31 16:00:00+00:00,616.645,Tekhla,UPSTREAM OBSERVATION / PARTIAL INFLOW CALIBRATION CANDIDATE,CWC Uttarakhand Telemetry Archive (Hourly Mean Resampled)
2024-07-31 17:00:00+00:00,654.1133333333333,Tekhla,UPSTREAM OBSERVATION / PARTIAL INFLOW CALIBRATION CANDIDATE,CWC Uttarakhand Telemetry Archive (Hourly Mean Resampled)
2024-07-31 18:00:00+00:00,592.515,Tekhla,UPSTREAM OBSERVATION / PARTIAL INFLOW CALIBRATION CANDIDATE,CWC Uttarakhand Telemetry Archive (Hourly Mean Resampled)
2024-07-31 19:00:00+00:00,693.02,Tekhla,UPSTREAM OBSERVATION / PARTIAL INFLOW CALIBRATION CANDIDATE,CWC Uttarakhand Telemetry Archive (Hourly Mean Resampled)
2024-07-31 20:00:00+00:00,684.37,Tekhla,UPSTREAM OBSERVATION / PARTIAL INFLOW CALIBRATION CANDIDATE,CWC Uttarakhand Telemetry Archive (Hourly Mean Resampled)
2024-07-31 21:00:00+00:00,852.9333333333334,Tekhla,UPSTREAM OBSERVATION / PARTIAL INFLOW CALIBRATION CANDIDATE,CWC Uttarakhand Telemetry Archive (Hourly Mean Resampled)
2024-07-31 22:00:00+00:00,784.9666666666667,Tekhla,UPSTREAM OBSERVATION / PARTIAL INFLOW CALIBRATION CANDIDATE,CWC Uttarakhand Telemetry Archive (Hourly Mean Resampled)
2024-07-31 23:00:00+00:00,797.98,Tekhla,UPSTREAM OBSERVATION / PARTIAL INFLOW CALIBRATION CANDIDATE,CWC Uttarakhand Telemetry Archive (Hourly Mean Resampled)
2024-08-01 00:00:00+00:00,665.52,Tekhla,UPSTREAM OBSERVATION / PARTIAL INFLOW CALIBRATION CANDIDATE,CWC Uttarakhand Telemetry Archive (Hourly Mean Resampled)
2024-08-01 01:00:00+00:00,594.25,Tekhla,UPSTREAM OBSERVATION / PARTIAL INFLOW CALIBRATION CANDIDATE,CWC Uttarakhand Telemetry Archive (Hourly Mean Resampled)
2024-08-01 02:00:00+00:00,703.2966666666666,Tekhla,UPSTREAM OBSERVATION / PARTIAL INFLOW CALIBRATION CANDIDATE,CWC Uttarakhand Telemetry Archive (Hourly Mean Resampled)
2024-08-01 03:00:00+00:00,717.4525,Tekhla,UPSTREAM OBSERVATION / PARTIAL INFLOW CALIBRATION CANDIDATE,CWC Uttarakhand Telemetry Archive (Hourly Mean Resampled)
2024-08-01 04:00:00+00:00,708.3466666666667,Tekhla,UPSTREAM OBSERVATION / PARTIAL INFLOW CALIBRATION CANDIDATE,CWC Uttarakhand Telemetry Archive (Hourly Mean Resampled)
2024-08-01 05:00:00+00:00,678.925,Tekhla,UPSTREAM OBSERVATION / PARTIAL INFLOW CALIBRATION CANDIDATE,CWC Uttarakhand Telemetry Archive (Hourly Mean Resampled)
2024-08-01 06:00:00+00:00,653.13,Tekhla,UPSTREAM OBSERVATION / PARTIAL INFLOW CALIBRATION CANDIDATE,CWC Uttarakhand Telemetry Archive (Hourly Mean Resampled)
2024-08-01 07:00:00+00:00,635.405,Tekhla,UPSTREAM OBSERVATION / PARTIAL INFLOW CALIBRATION CANDIDATE,CWC Uttarakhand Telemetry Archive (Hourly Mean Resampled)
2024-08-01 08:00:00+00:00,629.8399999999999,Tekhla,UPSTREAM OBSERVATION / PARTIAL INFLOW CALIBRATION CANDIDATE,CWC Uttarakhand Telemetry Archive (Hourly Mean Resampled)
2024-08-01 09:00:00+00:00,594.5375,Tekhla,UPSTREAM OBSERVATION / PARTIAL INFLOW CALIBRATION CANDIDATE,CWC Uttarakhand Telemetry Archive (Hourly Mean Resampled)
2024-08-01 10:00:00+00:00,407.5925,Tekhla,UPSTREAM OBSERVATION / PARTIAL INFLOW CALIBRATION CANDIDATE,CWC Uttarakhand Telemetry Archive (Hourly Mean Resampled)
2024-08-01 11:00:00+00:00,444.4125,Tekhla,UPSTREAM OBSERVATION / PARTIAL INFLOW CALIBRATION CANDIDATE,CWC Uttarakhand Telemetry Archive (Hourly Mean Resampled)
2024-08-01 12:00:00+00:00,442.02250000000004,Tekhla,UPSTREAM OBSERVATION / PARTIAL INFLOW CALIBRATION CANDIDATE,CWC Uttarakhand Telemetry Archive (Hourly Mean Resampled)
2024-08-01 13:00:00+00:00,388.85249999999996,Tekhla,UPSTREAM OBSERVATION / PARTIAL INFLOW CALIBRATION CANDIDATE,CWC Uttarakhand Telemetry Archive (Hourly Mean Resampled)
2024-08-01 14:00:00+00:00,378.37,Tekhla,UPSTREAM OBSERVATION / PARTIAL INFLOW CALIBRATION CANDIDATE,CWC Uttarakhand Telemetry Archive (Hourly Mean Resampled)
2024-08-01 15:00:00+00:00,390.995,Tekhla,UPSTREAM OBSERVATION / PARTIAL INFLOW CALIBRATION CANDIDATE,CWC Uttarakhand Telemetry Archive (Hourly Mean Resampled)
2024-08-01 16:00:00+00:00,425.5525,Tekhla,UPSTREAM OBSERVATION / PARTIAL INFLOW CALIBRATION CANDIDATE,CWC Uttarakhand Telemetry Archive (Hourly Mean Resampled)
2024-08-01 17:00:00+00:00,520.53,Tekhla,UPSTREAM OBSERVATION / PARTIAL INFLOW CALIBRATION CANDIDATE,CWC Uttarakhand Telemetry Archive (Hourly Mean Resampled)
2024-08-01 18:00:00+00:00,615.6700000000001,Tekhla,UPSTREAM OBSERVATION / PARTIAL INFLOW CALIBRATION CANDIDATE,CWC Uttarakhand Telemetry Archive (Hourly Mean Resampled)
2024-08-01 19:00:00+00:00,681.8125,Tekhla,UPSTREAM OBSERVATION / PARTIAL INFLOW CALIBRATION CANDIDATE,CWC Uttarakhand Telemetry Archive (Hourly Mean Resampled)
2024-08-01 20:00:00+00:00,676.015,Tekhla,UPSTREAM OBSERVATION / PARTIAL INFLOW CALIBRATION CANDIDATE,CWC Uttarakhand Telemetry Archive (Hourly Mean Resampled)
2024-08-01 21:00:00+00:00,677.625,Tekhla,UPSTREAM OBSERVATION / PARTIAL INFLOW CALIBRATION CANDIDATE,CWC Uttarakhand Telemetry Archive (Hourly Mean Resampled)
2024-08-01 22:00:00+00:00,693.1700000000001,Tekhla,UPSTREAM OBSERVATION / PARTIAL INFLOW CALIBRATION CANDIDATE,CWC Uttarakhand Telemetry Archive (Hourly Mean Resampled)
2024-08-01 23:00:00+00:00,741.51,Tekhla,UPSTREAM OBSERVATION / PARTIAL INFLOW CALIBRATION CANDIDATE,CWC Uttarakhand Telemetry Archive (Hourly Mean Resampled)
2024-08-02 00:00:00+00:00,709.9575,Tekhla,UPSTREAM OBSERVATION / PARTIAL INFLOW CALIBRATION CANDIDATE,CWC Uttarakhand Telemetry Archive (Hourly Mean Resampled)
2024-08-02 01:00:00+00:00,655.2774999999999,Tekhla,UPSTREAM OBSERVATION / PARTIAL INFLOW CALIBRATION CANDIDATE,CWC Uttarakhand Telemetry Archive (Hourly Mean Resampled)
2024-08-02 02:00:00+00:00,575.2225000000001,Tekhla,UPSTREAM OBSERVATION / PARTIAL INFLOW CALIBRATION CANDIDATE,CWC Uttarakhand Telemetry Archive (Hourly Mean Resampled)
2024-08-02 03:00:00+00:00,512.4325,Tekhla,UPSTREAM OBSERVATION / PARTIAL INFLOW CALIBRATION CANDIDATE,CWC Uttarakhand Telemetry Archive (Hourly Mean Resampled)
2024-08-02 04:00:00+00:00,480.555,Tekhla,UPSTREAM OBSERVATION / PARTIAL INFLOW CALIBRATION CANDIDATE,CWC Uttarakhand Telemetry Archive (Hourly Mean Resampled)
2024-08-02 05:00:00+00:00,461.1175,Tekhla,UPSTREAM OBSERVATION / PARTIAL INFLOW CALIBRATION CANDIDATE,CWC Uttarakhand Telemetry Archive (Hourly Mean Resampled)
2024-08-02 06:00:00+00:00,419.48,Tekhla,UPSTREAM OBSERVATION / PARTIAL INFLOW CALIBRATION CANDIDATE,CWC Uttarakhand Telemetry Archive (Hourly Mean Resampled)
2024-08-02 07:00:00+00:00,403.3,Tekhla,UPSTREAM OBSERVATION / PARTIAL INFLOW CALIBRATION CANDIDATE,CWC Uttarakhand Telemetry Archive (Hourly Mean Resampled)
2024-08-02 08:00:00+00:00,401.84999999999997,Tekhla,UPSTREAM OBSERVATION / PARTIAL INFLOW CALIBRATION CANDIDATE,CWC Uttarakhand Telemetry Archive (Hourly Mean Resampled)
2024-08-02 09:00:00+00:00,377.40999999999997,Tekhla,UPSTREAM OBSERVATION / PARTIAL INFLOW CALIBRATION CANDIDATE,CWC Uttarakhand Telemetry Archive (Hourly Mean Resampled)
2024-08-02 10:00:00+00:00,376.65,Tekhla,UPSTREAM OBSERVATION / PARTIAL INFLOW CALIBRATION CANDIDATE,CWC Uttarakhand Telemetry Archive (Hourly Mean Resampled)
2024-08-02 11:00:00+00:00,345.15749999999997,Tekhla,UPSTREAM OBSERVATION / PARTIAL INFLOW CALIBRATION CANDIDATE,CWC Uttarakhand Telemetry Archive (Hourly Mean Resampled)
2024-08-02 12:00:00+00:00,343.08,Tekhla,UPSTREAM OBSERVATION / PARTIAL INFLOW CALIBRATION CANDIDATE,CWC Uttarakhand Telemetry Archive (Hourly Mean Resampled)
2024-08-02 13:00:00+00:00,336.985,Tekhla,UPSTREAM OBSERVATION / PARTIAL INFLOW CALIBRATION CANDIDATE,CWC Uttarakhand Telemetry Archive (Hourly Mean Resampled)
2024-08-02 14:00:00+00:00,331.2325,Tekhla,UPSTREAM OBSERVATION / PARTIAL INFLOW CALIBRATION CANDIDATE,CWC Uttarakhand Telemetry Archive (Hourly Mean Resampled)
2024-08-02 15:00:00+00:00,340.595,Tekhla,UPSTREAM OBSERVATION / PARTIAL INFLOW CALIBRATION CANDIDATE,CWC Uttarakhand Telemetry Archive (Hourly Mean Resampled)
2024-08-02 16:00:00+00:00,408.74,Tekhla,UPSTREAM OBSERVATION / PARTIAL INFLOW CALIBRATION CANDIDATE,CWC Uttarakhand Telemetry Archive (Hourly Mean Resampled)
2024-08-02 17:00:00+00:00,472.9675,Tekhla,UPSTREAM OBSERVATION / PARTIAL INFLOW CALIBRATION CANDIDATE,CWC Uttarakhand Telemetry Archive (Hourly Mean Resampled)
2024-08-02 18:00:00+00:00,551.3875,Tekhla,UPSTREAM OBSERVATION / PARTIAL INFLOW CALIBRATION CANDIDATE,CWC Uttarakhand Telemetry Archive (Hourly Mean Resampled)
2024-08-02 19:00:00+00:00,645.215,Tekhla,UPSTREAM OBSERVATION / PARTIAL INFLOW CALIBRATION CANDIDATE,CWC Uttarakhand Telemetry Archive (Hourly Mean Resampled)
2024-08-02 20:00:00+00:00,715.4325,Tekhla,UPSTREAM OBSERVATION / PARTIAL INFLOW CALIBRATION CANDIDATE,CWC Uttarakhand Telemetry Archive (Hourly Mean Resampled)
2024-08-02 21:00:00+00:00,693.1175,Tekhla,UPSTREAM OBSERVATION / PARTIAL INFLOW CALIBRATION CANDIDATE,CWC Uttarakhand Telemetry Archive (Hourly Mean Resampled)
2024-08-02 22:00:00+00:00,676.815,Tekhla,UPSTREAM OBSERVATION / PARTIAL INFLOW CALIBRATION CANDIDATE,CWC Uttarakhand Telemetry Archive (Hourly Mean Resampled)
2024-08-02 23:00:00+00:00,639.3125,Tekhla,UPSTREAM OBSERVATION / PARTIAL INFLOW CALIBRATION CANDIDATE,CWC Uttarakhand Telemetry Archive (Hourly Mean Resampled)
2024-08-03 00:00:00+00:00,652.9075,Tekhla,UPSTREAM OBSERVATION / PARTIAL INFLOW CALIBRATION CANDIDATE,CWC Uttarakhand Telemetry Archive (Hourly Mean Resampled)
2024-08-03 01:00:00+00:00,575.7325000000001,Tekhla,UPSTREAM OBSERVATION / PARTIAL INFLOW CALIBRATION CANDIDATE,CWC Uttarakhand Telemetry Archive (Hourly Mean Resampled)
2024-08-03 02:00:00+00:00,611.9200000000001,Tekhla,UPSTREAM OBSERVATION / PARTIAL INFLOW CALIBRATION CANDIDATE,CWC Uttarakhand Telemetry Archive (Hourly Mean Resampled)
2024-08-03 03:00:00+00:00,586.4775,Tekhla,UPSTREAM OBSERVATION / PARTIAL INFLOW CALIBRATION CANDIDATE,CWC Uttarakhand Telemetry Archive (Hourly Mean Resampled)
2024-08-03 04:00:00+00:00,544.1700000000001,Tekhla,UPSTREAM OBSERVATION / PARTIAL INFLOW CALIBRATION CANDIDATE,CWC Uttarakhand Telemetry Archive (Hourly Mean Resampled)
2024-08-03 05:00:00+00:00,556.8425,Tekhla,UPSTREAM OBSERVATION / PARTIAL INFLOW CALIBRATION CANDIDATE,CWC Uttarakhand Telemetry Archive (Hourly Mean Resampled)
2024-08-03 06:00:00+00:00,526.04,Tekhla,UPSTREAM OBSERVATION / PARTIAL INFLOW CALIBRATION CANDIDATE,CWC Uttarakhand Telemetry Archive (Hourly Mean Resampled)
2024-08-03 07:00:00+00:00,542.4175,Tekhla,UPSTREAM OBSERVATION / PARTIAL INFLOW CALIBRATION CANDIDATE,CWC Uttarakhand Telemetry Archive (Hourly Mean Resampled)
2024-08-03 08:00:00+00:00,546.8275,Tekhla,UPSTREAM OBSERVATION / PARTIAL INFLOW CALIBRATION CANDIDATE,CWC Uttarakhand Telemetry Archive (Hourly Mean Resampled)
2024-08-03 09:00:00+00:00,524.05,Tekhla,UPSTREAM OBSERVATION / PARTIAL INFLOW CALIBRATION CANDIDATE,CWC Uttarakhand Telemetry Archive (Hourly Mean Resampled)
2024-08-03 10:00:00+00:00,525.3425,Tekhla,UPSTREAM OBSERVATION / PARTIAL INFLOW CALIBRATION CANDIDATE,CWC Uttarakhand Telemetry Archive (Hourly Mean Resampled)
2024-08-03 11:00:00+00:00,495.975,Tekhla,UPSTREAM OBSERVATION / PARTIAL INFLOW CALIBRATION CANDIDATE,CWC Uttarakhand Telemetry Archive (Hourly Mean Resampled)
2024-08-03 12:00:00+00:00,413.275,Tekhla,UPSTREAM OBSERVATION / PARTIAL INFLOW CALIBRATION CANDIDATE,CWC Uttarakhand Telemetry Archive (Hourly Mean Resampled)
2024-08-03 13:00:00+00:00,417.3425,Tekhla,UPSTREAM OBSERVATION / PARTIAL INFLOW CALIBRATION CANDIDATE,CWC Uttarakhand Telemetry Archive (Hourly Mean Resampled)
2024-08-03 14:00:00+00:00,465.015,Tekhla,UPSTREAM OBSERVATION / PARTIAL INFLOW CALIBRATION CANDIDATE,CWC Uttarakhand Telemetry Archive (Hourly Mean Resampled)
2024-08-03 15:00:00+00:00,476.055,Tekhla,UPSTREAM OBSERVATION / PARTIAL INFLOW CALIBRATION CANDIDATE,CWC Uttarakhand Telemetry Archive (Hourly Mean Resampled)
2024-08-03 16:00:00+00:00,522.1775,Tekhla,UPSTREAM OBSERVATION / PARTIAL INFLOW CALIBRATION CANDIDATE,CWC Uttarakhand Telemetry Archive (Hourly Mean Resampled)
2024-08-03 17:00:00+00:00,587.9425,Tekhla,UPSTREAM OBSERVATION / PARTIAL INFLOW CALIBRATION CANDIDATE,CWC Uttarakhand Telemetry Archive (Hourly Mean Resampled)
2024-08-03 18:00:00+00:00,684.5633333333334,Tekhla,UPSTREAM OBSERVATION / PARTIAL INFLOW CALIBRATION CANDIDATE,CWC Uttarakhand Telemetry Archive (Hourly Mean Resampled)
2024-08-03 19:00:00+00:00,684.23,Tekhla,UPSTREAM OBSERVATION / PARTIAL INFLOW CALIBRATION CANDIDATE,CWC Uttarakhand Telemetry Archive (Hourly Mean Resampled)
2024-08-03 20:00:00+00:00,697.8625,Tekhla,UPSTREAM OBSERVATION / PARTIAL INFLOW CALIBRATION CANDIDATE,CWC Uttarakhand Telemetry Archive (Hourly Mean Resampled)
2024-08-03 21:00:00+00:00,709.005,Tekhla,UPSTREAM OBSERVATION / PARTIAL INFLOW CALIBRATION CANDIDATE,CWC Uttarakhand Telemetry Archive (Hourly Mean Resampled)
2024-08-03 22:00:00+00:00,705.58,Tekhla,UPSTREAM OBSERVATION / PARTIAL INFLOW CALIBRATION CANDIDATE,CWC Uttarakhand Telemetry Archive (Hourly Mean Resampled)
2024-08-03 23:00:00+00:00,711.84,Tekhla,UPSTREAM OBSERVATION / PARTIAL INFLOW CALIBRATION CANDIDATE,CWC Uttarakhand Telemetry Archive (Hourly Mean Resampled)
2024-08-04 00:00:00+00:00,714.8266666666667,Tekhla,UPSTREAM OBSERVATION / PARTIAL INFLOW CALIBRATION CANDIDATE,CWC Uttarakhand Telemetry Archive (Hourly Mean Resampled)
2024-08-04 01:00:00+00:00,717.4966666666666,Tekhla,UPSTREAM OBSERVATION / PARTIAL INFLOW CALIBRATION CANDIDATE,CWC Uttarakhand Telemetry Archive (Hourly Mean Resampled)
2024-08-04 02:00:00+00:00,707.9449999999999,Tekhla,UPSTREAM OBSERVATION / PARTIAL INFLOW CALIBRATION CANDIDATE,CWC Uttarakhand Telemetry Archive (Hourly Mean Resampled)
2024-08-04 03:00:00+00:00,720.6933333333333,Tekhla,UPSTREAM OBSERVATION / PARTIAL INFLOW CALIBRATION CANDIDATE,CWC Uttarakhand Telemetry Archive (Hourly Mean Resampled)
2024-08-04 04:00:00+00:00,687.8366666666667,Tekhla,UPSTREAM OBSERVATION / PARTIAL INFLOW CALIBRATION CANDIDATE,CWC Uttarakhand Telemetry Archive (Hourly Mean Resampled)
2024-08-04 05:00:00+00:00,646.435,Tekhla,UPSTREAM OBSERVATION / PARTIAL INFLOW CALIBRATION CANDIDATE,CWC Uttarakhand Telemetry Archive (Hourly Mean Resampled)
2024-08-04 06:00:00+00:00,620.7225,Tekhla,UPSTREAM OBSERVATION / PARTIAL INFLOW CALIBRATION CANDIDATE,CWC Uttarakhand Telemetry Archive (Hourly Mean Resampled)
2024-08-04 07:00:00+00:00,586.7624999999999,Tekhla,UPSTREAM OBSERVATION / PARTIAL INFLOW CALIBRATION CANDIDATE,CWC Uttarakhand Telemetry Archive (Hourly Mean Resampled)
2024-08-04 08:00:00+00:00,588.9275,Tekhla,UPSTREAM OBSERVATION / PARTIAL INFLOW CALIBRATION CANDIDATE,CWC Uttarakhand Telemetry Archive (Hourly Mean Resampled)
2024-08-04 09:00:00+00:00,707.0374999999999,Tekhla,UPSTREAM OBSERVATION / PARTIAL INFLOW CALIBRATION CANDIDATE,CWC Uttarakhand Telemetry Archive (Hourly Mean Resampled)
2024-08-04 10:00:00+00:00,675.72,Tekhla,UPSTREAM OBSERVATION / PARTIAL INFLOW CALIBRATION CANDIDATE,CWC Uttarakhand Telemetry Archive (Hourly Mean Resampled)
2024-08-04 11:00:00+00:00,732.3133333333334,Tekhla,UPSTREAM OBSERVATION / PARTIAL INFLOW CALIBRATION CANDIDATE,CWC Uttarakhand Telemetry Archive (Hourly Mean Resampled)
2024-08-04 12:00:00+00:00,687.3266666666667,Tekhla,UPSTREAM OBSERVATION / PARTIAL INFLOW CALIBRATION CANDIDATE,CWC Uttarakhand Telemetry Archive (Hourly Mean Resampled)
2024-08-04 13:00:00+00:00,648.6333333333333,Tekhla,UPSTREAM OBSERVATION / PARTIAL INFLOW CALIBRATION CANDIDATE,CWC Uttarakhand Telemetry Archive (Hourly Mean Resampled)
2024-08-04 14:00:00+00:00,621.925,Tekhla,UPSTREAM OBSERVATION / PARTIAL INFLOW CALIBRATION CANDIDATE,CWC Uttarakhand Telemetry Archive (Hourly Mean Resampled)
2024-08-04 15:00:00+00:00,640.61,Tekhla,UPSTREAM OBSERVATION / PARTIAL INFLOW CALIBRATION CANDIDATE,CWC Uttarakhand Telemetry Archive (Hourly Mean Resampled)
2024-08-04 16:00:00+00:00,688.04,Tekhla,UPSTREAM OBSERVATION / PARTIAL INFLOW CALIBRATION CANDIDATE,CWC Uttarakhand Telemetry Archive (Hourly Mean Resampled)
2024-08-04 17:00:00+00:00,679.875,Tekhla,UPSTREAM OBSERVATION / PARTIAL INFLOW CALIBRATION CANDIDATE,CWC Uttarakhand Telemetry Archive (Hourly Mean Resampled)
2024-08-04 18:00:00+00:00,685.755,Tekhla,UPSTREAM OBSERVATION / PARTIAL INFLOW CALIBRATION CANDIDATE,CWC Uttarakhand Telemetry Archive (Hourly Mean Resampled)
2024-08-04 19:00:00+00:00,671.8075,Tekhla,UPSTREAM OBSERVATION / PARTIAL INFLOW CALIBRATION CANDIDATE,CWC Uttarakhand Telemetry Archive (Hourly Mean Resampled)
2024-08-04 20:00:00+00:00,673.97,Tekhla,UPSTREAM OBSERVATION / PARTIAL INFLOW CALIBRATION CANDIDATE,CWC Uttarakhand Telemetry Archive (Hourly Mean Resampled)
2024-08-04 21:00:00+00:00,659.3466666666667,Tekhla,UPSTREAM OBSERVATION / PARTIAL INFLOW CALIBRATION CANDIDATE,CWC Uttarakhand Telemetry Archive (Hourly Mean Resampled)
2024-08-04 22:00:00+00:00,696.88,Tekhla,UPSTREAM OBSERVATION / PARTIAL INFLOW CALIBRATION CANDIDATE,CWC Uttarakhand Telemetry Archive (Hourly Mean Resampled)
2024-08-04 23:00:00+00:00,686.36,Tekhla,UPSTREAM OBSERVATION / PARTIAL INFLOW CALIBRATION CANDIDATE,CWC Uttarakhand Telemetry Archive (Hourly Mean Resampled)
