time_prototype_s,Q_prototype_m3s,time_model_s,Q_model_m3s,V_inlet_model_ms
167200.0,687297.27,0.0,6.8729727,1.8986112430939226
167201.0,687297.27,0.1,6.8729727,1.8986112430939226
167202.0,687297.27,0.2,6.8729727,1.8986112430939226
167203.0,687297.27,0.3,6.8729727,1.8986112430939226
167204.0,687297.27,0.4,6.8729727,1.8986112430939226
167205.0,687297.27,0.5,6.8729727,1.8986112430939226
167206.0,687297.27,0.6,6.8729727,1.8986112430939226
167207.0,687297.27,0.7,6.8729727,1.8986112430939226
167208.0,687297.27,0.8,6.8729727,1.8986112430939226
167209.0,687297.27,0.9,6.8729727,1.8986112430939226
167210.0,687297.27,1.0,6.8729727,1.8986112430939226
167211.0,687297.27,1.1,6.8729727,1.8986112430939226
167212.0,687297.27,1.2,6.8729727,1.8986112430939226
167213.0,687297.27,1.3,6.8729727,1.8986112430939226
167214.0,687297.27,1.4,6.8729727,1.8986112430939226
167215.0,687297.27,1.5,6.8729727,1.8986112430939226
167216.0,687297.27,1.6,6.8729727,1.8986112430939226
167217.0,687297.27,1.7,6.8729727,1.8986112430939226
167218.0,687297.27,1.8,6.8729727,1.8986112430939226
167219.0,687297.27,1.9,6.8729727,1.8986112430939226
167220.0,687297.27,2.0,6.8729727,1.8986112430939226
167221.0,687441.4435,2.1,6.874414435,1.8990095124309392
167222.0,687585.617,2.2,6.87585617,1.8994077817679555
167223.0,687729.7905,2.3,6.877297905,1.8998060511049724
167224.0,687873.964,2.4,6.87873964,1.900204320441989
167225.0,688018.1375000001,2.5,6.880181375,1.9006025897790055
167226.0,688162.311,2.6,6.88162311,1.901000859116022
167227.0,688306.4845,2.7,6.883064845,1.9013991284530385
167228.0,688450.658,2.8,6.884506580000001,1.9017973977900555
167229.0,688594.8315,2.9,6.885948314999999,1.9021956671270717
167230.0,688739.005,3.0,6.8873900500000005,1.9025939364640885
167231.0,688883.1785,3.1,6.888831785000001,1.902992205801105
167232.0,689027.3520000001,3.2,6.890273520000001,1.9033904751381217
167233.0,689171.5255,3.3,6.891715255,1.9037887444751382
167234.0,689315.699,3.4,6.8931569900000005,1.9041870138121548
167235.0,689459.8725,3.5,6.894598725000001,1.9045852831491714
167236.0,689604.046,3.6,6.89604046,1.9049835524861878
167237.0,689748.2195,3.7,6.897482195,1.9053818218232044
167238.0,689892.393,3.8,6.8989239300000005,1.9057800911602212
167239.0,690036.5665000001,3.9,6.900365665000001,1.9061783604972378
167240.0,690180.74,4.0,6.9018074,1.9065766298342541
167241.0,690324.9135,4.1,6.903249135,1.9069748991712707
167242.0,690469.087,4.2,6.9046908700000005,1.9073731685082873
167243.0,690613.2605,4.3,6.906132605,1.9077714378453037
167244.0,690757.434,4.4,6.90757434,1.9081697071823205
167245.0,690901.6075,4.5,6.909016075,1.908567976519337
167246.0,691045.7810000001,4.6,6.9104578100000005,1.9089662458563537
167247.0,691189.9545,4.7,6.911899545,1.90936451519337
167248.0,691334.128,4.8,6.91334128,1.9097627845303866
167249.0,691478.3015000001,4.9,6.914783015,1.9101610538674034
167250.0,691622.475,5.0,6.91622475,1.9105593232044198
167251.0,691766.6485,5.1,6.917666485,1.9109575925414364
167252.0,691910.822,5.2,6.91910822,1.911355861878453
167253.0,692054.9955000001,5.3,6.920549955000001,1.9117541312154698
167254.0,692199.169,5.4,6.92199169,1.912152400552486
167255.0,692343.3425,5.5,6.923433425000001,1.912550669889503
167256.0,692487.5160000001,5.6,6.924875160000001,1.9129489392265195
167257.0,692631.6895000001,5.7,6.926316895000001,1.9133472085635361
167258.0,692775.863,5.8,6.9277586300000005,1.9137454779005525
167259.0,692920.0365,5.9,6.929200365000001,1.9141437472375693
167260.0,693064.2100000001,6.0,6.930642100000001,1.914542016574586
167261.0,693208.3835,6.1,6.932083835,1.9149402859116023
167262.0,693352.557,6.2,6.9335255700000005,1.9153385552486188
167263.0,693496.7305000001,6.3,6.934967305000001,1.9157368245856354
167264.0,693640.9040000001,6.4,6.936409040000001,1.916135093922652
167265.0,693785.0775,6.5,6.937850775,1.9165333632596686
167266.0,693929.251,6.6,6.9392925100000005,1.9169316325966852
167267.0,694073.4245000001,6.7,6.940734245000001,1.9173299019337018
167268.0,694217.598,6.8,6.94217598,1.9177281712707182
167269.0,694361.7715,6.9,6.943617715,1.9181264406077347
167270.0,694505.9450000001,7.0,6.9450594500000005,1.9185247099447515
167271.0,694650.1185000001,7.1,6.946501185000001,1.9189229792817681
167272.0,694794.292,7.2,6.94794292,1.9193212486187845
167273.0,694938.4655,7.3,6.949384655,1.919719517955801
167274.0,695082.6390000001,7.4,6.9508263900000005,1.9201177872928177
167275.0,695226.8125,7.5,6.952268125,1.920516056629834
167276.0,695370.986,7.6,6.95370986,1.9209143259668509
167277.0,695515.1595000001,7.7,6.955151595,1.9213125953038674
167278.0,695659.3330000001,7.8,6.956593330000001,1.9217108646408843
167279.0,695803.5065,7.9,6.958035065,1.9221091339779004
167280.0,695947.68,8.0,6.959476800000001,1.9225074033149174
167281.0,696073.0455,8.1,6.960730455,1.9228537168508286
167282.0,696198.4110000001,8.2,6.96198411,1.9232000303867405
167283.0,696323.7765,8.3,6.963237765000001,1.9235463439226521
167284.0,696449.142,8.4,6.96449142,1.9238926574585635
167285.0,696574.5075000001,8.5,6.965745075000001,1.9242389709944754
167286.0,696699.873,8.6,6.96699873,1.9245852845303868
167287.0,696825.2385000001,8.7,6.968252385000001,1.9249315980662987
167288.0,696950.604,8.8,6.969506040000001,1.92527791160221
167289.0,697075.9695,8.9,6.970759695,1.9256242251381215
167290.0,697201.3350000001,9.0,6.972013350000001,1.9259705386740333
167291.0,697326.7005,9.1,6.973267005,1.9263168522099448
167292.0,697452.066,9.2,6.97452066,1.9266631657458562
167293.0,697577.4315000001,9.3,6.975774315000001,1.927009479281768
167294.0,697702.797,9.4,6.97702797,1.9273557928176794
167295.0,697828.1625000001,9.5,6.978281625000001,1.9277021063535913
167296.0,697953.528,9.6,6.97953528,1.9280484198895027
167297.0,698078.8935,9.7,6.980788935,1.9283947334254141
167298.0,698204.2590000001,9.8,6.982042590000001,1.9287410469613262
167299.0,698329.6245,9.9,6.983296245,1.9290873604972376
167300.0,698454.99,10.0,6.9845499,1.9294336740331492
167301.0,698580.3555000001,10.1,6.985803555,1.9297799875690609
167302.0,698705.721,10.2,6.987057210000001,1.9301263011049725
167303.0,698831.0865,10.3,6.988310865,1.930472614640884
167304.0,698956.452,10.4,6.98956452,1.9308189281767956
167305.0,699081.8175,10.5,6.990818175,1.9311652417127072
167306.0,699207.1830000001,10.6,6.99207183,1.9315115552486188
167307.0,699332.5485,10.7,6.993325485000001,1.9318578687845305
167308.0,699457.914,10.8,6.99457914,1.9322041823204419
167309.0,699583.2795000001,10.9,6.995832795000001,1.9325504958563537
167310.0,699708.645,11.0,6.99708645,1.9328968093922652
167311.0,699834.0105,11.1,6.998340105,1.9332431229281766
167312.0,699959.376,11.2,6.999593760000001,1.9335894364640884
167313.0,700084.7415,11.3,7.000847415,1.9339357499999998
167314.0,700210.107,11.4,7.002101069999999,1.9342820635359113
167315.0,700335.4725,11.5,7.003354725,1.9346283770718233
167316.0,700460.838,11.6,7.00460838,1.9349746906077347
167317.0,700586.2035000001,11.7,7.005862035000001,1.9353210041436466
167318.0,700711.569,11.8,7.00711569,1.935667317679558
167319.0,700836.9345,11.9,7.008369344999999,1.9360136312154694
167320.0,700962.3,12.0,7.009623,1.9363599447513813
167321.0,701087.6655,12.1,7.010876655,1.9367062582872927
167322.0,701213.031,12.2,7.01213031,1.9370525718232043
167323.0,701338.3965,12.3,7.013383965,1.937398885359116
167324.0,701463.762,12.4,7.01463762,1.9377451988950276
167325.0,701589.1275000001,12.5,7.015891275,1.9380915124309392
167326.0,701714.493,12.6,7.01714493,1.9384378259668507
167327.0,701839.8585,12.7,7.018398585,1.9387841395027623
167328.0,701965.224,12.8,7.01965224,1.939130453038674
167329.0,702090.5895,12.9,7.020905895,1.9394767665745856
167330.0,702215.955,13.0,7.02215955,1.939823080110497
167331.0,702341.3205,13.1,7.023413205000001,1.940169393646409
167332.0,702466.686,13.2,7.02466686,1.9405157071823205
167333.0,702592.0515,13.3,7.025920514999999,1.9408620207182319
167334.0,702717.417,13.4,7.02717417,1.9412083342541437
167335.0,702842.7825,13.5,7.028427825,1.9415546477900552
167336.0,702968.148,13.6,7.029681480000001,1.941900961325967
167337.0,703093.5135,13.7,7.030935135,1.9422472748618784
167338.0,703218.879,13.8,7.032188789999999,1.9425935883977898
167339.0,703344.2445,13.9,7.033442445,1.9429399019337017
167340.0,703469.61,14.0,7.0346961,1.943286215469613
167341.0,703575.6975,14.1,7.035756975,1.9435792748618783
167342.0,703681.785,14.2,7.03681785,1.9438723342541437
167343.0,703787.8724999999,14.3,7.037878725,1.9441653936464087
167344.0,703893.96,14.4,7.0389396,1.944458453038674
167345.0,704000.0475,14.5,7.040000475,1.9447515124309391
167346.0,704106.135,14.6,7.04106135,1.9450445718232043
167347.0,704212.2225,14.7,7.042122225,1.9453376312154695
167348.0,704318.3099999999,14.8,7.043183099999999,1.9456306906077345
167349.0,704424.3975,14.9,7.044243975,1.94592375
167350.0,704530.485,15.0,7.04530485,1.9462168093922652
167351.0,704636.5725,15.1,7.046365725,1.9465098687845304
167352.0,704742.66,15.2,7.0474266000000005,1.9468029281767956
167353.0,704848.7474999999,15.3,7.048487474999999,1.9470959875690605
167354.0,704954.835,15.4,7.049548349999999,1.9473890469613258
167355.0,705060.9225,15.5,7.050609225,1.947682106353591
167356.0,705167.01,15.6,7.0516701,1.9479751657458564
167357.0,705273.0975,15.7,7.052730975,1.9482682251381216
167358.0,705379.1849999999,15.8,7.05379185,1.9485612845303866
167359.0,705485.2725,15.9,7.054852725,1.9488543439226518
167360.0,705591.36,16.0,7.0559136,1.9491474033149172
167361.0,705697.4475,16.1,7.0569744750000005,1.9494404627071824
167362.0,705803.535,16.2,7.05803535,1.9497335220994474
167363.0,705909.6224999999,16.3,7.059096224999999,1.9500265814917124
167364.0,706015.71,16.4,7.0601571,1.9503196408839778
167365.0,706121.7975,16.5,7.061217975,1.950612700276243
167366.0,706227.885,16.6,7.06227885,1.9509057596685082
167367.0,706333.9725,16.7,7.0633397250000005,1.9511988190607736
167368.0,706440.0599999999,16.8,7.064400599999999,1.9514918784530384
167369.0,706546.1475,16.9,7.065461474999999,1.9517849378453036
167370.0,706652.235,17.0,7.06652235,1.9520779972375688
167371.0,706758.3225,17.1,7.067583225,1.9523710566298342
167372.0,706864.41,17.2,7.0686441,1.9526641160220994
167373.0,706970.4974999999,17.3,7.069704975,1.9529571754143644
167374.0,707076.585,17.4,7.07076585,1.9532502348066298
167375.0,707182.6725,17.5,7.071826725,1.953543294198895
167376.0,707288.76,17.6,7.0728876000000005,1.9538363535911603
167377.0,707394.8475,17.7,7.073948475,1.9541294129834252
167378.0,707500.9349999999,17.8,7.075009349999999,1.9544224723756904
167379.0,707607.0225,17.9,7.076070225,1.9547155317679556
167380.0,707713.11,18.0,7.0771311,1.9550085911602209
167381.0,707819.1975,18.1,7.078191975,1.9553016505524863
167382.0,707925.285,18.2,7.0792528500000005,1.9555947099447515
167383.0,708031.3724999999,18.3,7.080313724999999,1.9558877693370162
167384.0,708137.46,18.4,7.081374599999999,1.9561808287292815
167385.0,708243.5475,18.5,7.082435475,1.9564738881215469
167386.0,708349.635,18.6,7.08349635,1.956766947513812
167387.0,708455.7225,18.7,7.084557225,1.9570600069060773
167388.0,708561.8099999999,18.8,7.0856181,1.9573530662983423
167389.0,708667.8975,18.9,7.086678975,1.9576461256906077
167390.0,708773.985,19.0,7.08773985,1.957939185082873
167391.0,708880.0725,19.1,7.0888007250000005,1.958232244475138
167392.0,708986.16,19.2,7.089861600000001,1.9585253038674035
167393.0,709092.2474999999,19.3,7.090922474999999,1.9588183632596683
167394.0,709198.335,19.4,7.09198335,1.9591114226519335
167395.0,709304.4225,19.5,7.093044225,1.9594044820441987
167396.0,709410.51,19.6,7.0941051,1.9596975414364641
167397.0,709516.5975,19.7,7.0951659750000005,1.9599906008287293
167398.0,709622.6849999999,19.8,7.096226849999999,1.960283660220994
167399.0,709728.7725,19.9,7.097287724999999,1.9605767196132593
167400.0,709834.86,20.0,7.0983486,1.9608697790055247
167401.0,709921.2886666666,20.1,7.099212886666666,1.9611085322283608
167402.0,710007.7173333333,20.2,7.100077173333333,1.9613472854511969
167403.0,710094.146,20.3,7.10094146,1.961586038674033
167404.0,710180.5746666667,20.4,7.101805746666667,1.9618247918968692
167405.0,710267.0033333333,20.5,7.102670033333333,1.9620635451197053
167406.0,710353.432,20.6,7.1035343200000005,1.9623022983425416
167407.0,710439.8606666666,20.7,7.104398606666667,1.9625410515653776
167408.0,710526.2893333333,20.8,7.105262893333332,1.9627798047882132
167409.0,710612.718,20.9,7.10612718,1.9630185580110495
167410.0,710699.1466666666,21.0,7.106991466666666,1.9632573112338856
167411.0,710785.5753333333,21.1,7.107855753333333,1.9634960644567219
167412.0,710872.004,21.2,7.10872004,1.963734817679558
167413.0,710958.4326666667,21.3,7.109584326666667,1.9639735709023942
167414.0,711044.8613333333,21.4,7.110448613333333,1.96421232412523
167415.0,711131.29,21.5,7.111312900000001,1.9644510773480663
167416.0,711217.7186666667,21.6,7.112177186666666,1.9646898305709022
167417.0,711304.1473333333,21.7,7.1130414733333325,1.9649285837937382
167418.0,711390.576,21.8,7.11390576,1.9651673370165745
167419.0,711477.0046666666,21.9,7.114770046666666,1.9654060902394104
167420.0,711563.4333333333,22.0,7.115634333333333,1.9656448434622467
167421.0,711649.862,22.1,7.11649862,1.9658835966850827
167422.0,711736.2906666667,22.2,7.117362906666667,1.966122349907919
167423.0,711822.7193333333,22.3,7.118227193333333,1.966361103130755
167424.0,711909.1479999999,22.4,7.119091479999999,1.966599856353591
167425.0,711995.5766666667,22.5,7.119955766666666,1.966838609576427
167426.0,712082.0053333333,22.6,7.120820053333333,1.967077362799263
167427.0,712168.434,22.7,7.12168434,1.9673161160220993
167428.0,712254.8626666666,22.8,7.122548626666666,1.9675548692449354
167429.0,712341.2913333334,22.9,7.1234129133333335,1.9677936224677717
167430.0,712427.72,23.0,7.1242772,1.9680323756906077
167431.0,712514.1486666666,23.1,7.125141486666666,1.9682711289134436
167432.0,712600.5773333333,23.2,7.1260057733333335,1.9685098821362799
167433.0,712687.0059999999,23.3,7.126870059999999,1.9687486353591157
167434.0,712773.4346666667,23.4,7.127734346666666,1.968987388581952
167435.0,712859.8633333333,23.5,7.128598633333333,1.969226141804788
167436.0,712946.292,23.6,7.12946292,1.9694648950276243
167437.0,713032.7206666666,23.7,7.130327206666666,1.9697036482504602
167438.0,713119.1493333332,23.8,7.131191493333333,1.9699424014732962
167439.0,713205.578,23.9,7.13205578,1.9701811546961325
167440.0,713292.0066666666,24.0,7.132920066666666,1.9704199079189686
167441.0,713378.4353333333,24.1,7.133784353333334,1.9706586611418049
167442.0,713464.864,24.2,7.134648639999999,1.9708974143646405
167443.0,713551.2926666667,24.3,7.135512926666666,1.9711361675874768
167444.0,713637.7213333333,24.4,7.136377213333333,1.9713749208103128
167445.0,713724.15,24.5,7.1372415,1.9716136740331491
167446.0,713810.5786666666,24.6,7.138105786666666,1.9718524272559852
167447.0,713897.0073333333,24.7,7.138970073333333,1.9720911804788213
167448.0,713983.436,24.8,7.13983436,1.9723299337016573
167449.0,714069.8646666666,24.9,7.140698646666666,1.9725686869244934
167450.0,714156.2933333333,25.0,7.141562933333334,1.9728074401473297
167451.0,714242.722,25.1,7.142427219999999,1.9730461933701655
167452.0,714329.1506666667,25.2,7.1432915066666665,1.9732849465930018
167453.0,714415.5793333333,25.3,7.144155793333333,1.9735236998158376
167454.0,714502.0079999999,25.4,7.145020079999999,1.9737624530386737
167455.0,714588.4366666666,25.5,7.1458843666666665,1.97400120626151
167456.0,714674.8653333333,25.6,7.146748653333333,1.974239959484346
167457.0,714761.294,25.7,7.14761294,1.9744787127071823
167458.0,714847.7226666666,25.8,7.1484772266666665,1.9747174659300184
167459.0,714934.1513333333,25.9,7.149341513333334,1.9749562191528547
167460.0,715020.58,26.0,7.150205799999999,1.9751949723756903
167461.0,715087.0611666667,26.1,7.150870611666667,1.9753786220073666
167462.0,715153.5423333333,26.2,7.151535423333333,1.9755622716390422
167463.0,715220.0235,26.3,7.1522002350000005,1.9757459212707182
167464.0,715286.5046666666,26.4,7.152865046666666,1.9759295709023939
167465.0,715352.9858333333,26.5,7.153529858333333,1.97611322053407
167466.0,715419.467,26.6,7.15419467,1.9762968701657457
167467.0,715485.9481666667,26.7,7.154859481666667,1.9764805197974216
167468.0,715552.4293333333,26.8,7.1555242933333325,1.9766641694290974
167469.0,715618.9105,26.9,7.156189105,1.9768478190607734
167470.0,715685.3916666666,27.0,7.156853916666666,1.977031468692449
167471.0,715751.8728333333,27.1,7.157518728333334,1.9772151183241253
167472.0,715818.3539999999,27.2,7.15818354,1.977398767955801
167473.0,715884.8351666667,27.3,7.158848351666666,1.9775824175874768
167474.0,715951.3163333333,27.4,7.159513163333332,1.9777660672191524
167475.0,716017.7975,27.5,7.160177975,1.9779497168508287
167476.0,716084.2786666666,27.6,7.160842786666666,1.9781333664825043
167477.0,716150.7598333333,27.7,7.161507598333333,1.9783170161141805
167478.0,716217.2409999999,27.8,7.162172409999999,1.9785006657458561
167479.0,716283.7221666666,27.9,7.162837221666666,1.978684315377532
167480.0,716350.2033333333,28.0,7.163502033333333,1.9788679650092078
167481.0,716416.6845,28.1,7.164166845,1.9790516146408839
167482.0,716483.1656666666,28.2,7.164831656666665,1.9792352642725595
167483.0,716549.6468333333,28.3,7.165496468333333,1.9794189139042355
167484.0,716616.1279999999,28.4,7.166161279999999,1.9796025635359114
167485.0,716682.6091666666,28.5,7.166826091666667,1.9797862131675874
167486.0,716749.0903333332,28.6,7.1674909033333325,1.979969862799263
167487.0,716815.5715,28.7,7.168155714999999,1.980153512430939
167488.0,716882.0526666666,28.8,7.168820526666666,1.980337162062615
167489.0,716948.5338333333,28.9,7.169485338333333,1.9805208116942907
167490.0,717015.015,29.0,7.1701501500000004,1.980704461325967
167491.0,717081.4961666666,29.1,7.170814961666666,1.9808881109576426
167492.0,717147.9773333333,29.2,7.171479773333333,1.9810717605893184
167493.0,717214.4585,29.3,7.172144585,1.9812554102209943
167494.0,717280.9396666667,29.4,7.172809396666667,1.9814390598526703
167495.0,717347.4208333333,29.5,7.1734742083333325,1.981622709484346
167496.0,717413.902,29.6,7.17413902,1.981806359116022
167497.0,717480.3831666666,29.7,7.174803831666666,1.9819900087476978
167498.0,717546.8643333333,29.8,7.175468643333334,1.9821736583793739
167499.0,717613.3454999999,29.9,7.1761334549999996,1.9823573080110495
167500.0,717679.8266666667,30.0,7.176798266666666,1.9825409576427255
167501.0,717746.3078333333,30.1,7.177463078333333,1.9827246072744014
167502.0,717812.789,30.2,7.17812789,1.9829082569060772
167503.0,717879.2701666666,30.3,7.178792701666666,1.9830919065377528
167504.0,717945.7513333333,30.4,7.179457513333333,1.983275556169429
167505.0,718012.2324999999,30.5,7.180122324999999,1.9834592058011047
167506.0,718078.7136666666,30.6,7.180787136666667,1.983642855432781
167507.0,718145.1948333333,30.7,7.181451948333333,1.9838265050644566
167508.0,718211.676,30.8,7.1821167599999995,1.9840101546961324
167509.0,718278.1571666666,30.9,7.182781571666665,1.984193804327808
167510.0,718344.6383333333,31.0,7.183446383333333,1.9843774539594843
167511.0,718411.1194999999,31.1,7.184111194999999,1.98456110359116
167512.0,718477.6006666666,31.2,7.184776006666667,1.984744753222836
167513.0,718544.0818333332,31.3,7.1854408183333325,1.9849284028545118
167514.0,718610.563,31.4,7.186105629999999,1.9851120524861876
167515.0,718677.0441666666,31.5,7.186770441666666,1.9852957021178634
167516.0,718743.5253333333,31.6,7.187435253333333,1.9854793517495395
167517.0,718810.0064999999,31.7,7.188100064999999,1.985663001381215
167518.0,718876.4876666666,31.8,7.188764876666666,1.9858466510128912
167519.0,718942.9688333332,31.9,7.189429688333332,1.9860303006445668
167520.0,719009.45,32.0,7.1900945,1.986213950276243
167521.0,719055.7873333333,32.1,7.190557873333333,1.9863419539594842
167522.0,719102.1246666666,32.2,7.191021246666666,1.9864699576427254
167523.0,719148.4619999999,32.3,7.19148462,1.9865979613259668
167524.0,719194.7993333333,32.4,7.191947993333333,1.986725965009208
167525.0,719241.1366666666,32.5,7.192411366666666,1.9868539686924491
167526.0,719287.4739999999,32.6,7.19287474,1.9869819723756905
167527.0,719333.8113333333,32.7,7.193338113333333,1.9871099760589317
167528.0,719380.1486666666,32.8,7.193801486666666,1.9872379797421729
167529.0,719426.4859999999,32.9,7.194264859999999,1.987365983425414
167530.0,719472.8233333332,33.0,7.194728233333333,1.9874939871086554
167531.0,719519.1606666666,33.1,7.195191606666666,1.9876219907918966
167532.0,719565.4979999999,33.2,7.195654979999999,1.9877499944751378
167533.0,719611.8353333332,33.3,7.196118353333333,1.9878779981583792
167534.0,719658.1726666666,33.4,7.196581726666666,1.9880060018416204
167535.0,719704.5099999999,33.5,7.197045099999999,1.9881340055248615
167536.0,719750.8473333333,33.6,7.197508473333333,1.9882620092081031
167537.0,719797.1846666667,33.7,7.1979718466666665,1.9883900128913443
167538.0,719843.522,33.8,7.19843522,1.9885180165745857
167539.0,719889.8593333333,33.9,7.198898593333333,1.9886460202578269
167540.0,719936.1966666667,34.0,7.199361966666666,1.988774023941068
167541.0,719982.534,34.1,7.199825339999999,1.9889020276243092
167542.0,720028.8713333333,34.2,7.200288713333333,1.9890300313075506
167543.0,720075.2086666666,34.3,7.200752086666666,1.9891580349907918
167544.0,720121.546,34.4,7.201215459999999,1.989286038674033
167545.0,720167.8833333333,34.5,7.201678833333333,1.9894140423572744
167546.0,720214.2206666666,34.6,7.202142206666666,1.9895420460405155
167547.0,720260.558,34.7,7.202605579999999,1.9896700497237567
167548.0,720306.8953333333,34.8,7.203068953333333,1.9897980534069981
167549.0,720353.2326666666,34.9,7.203532326666666,1.9899260570902393
167550.0,720399.57,35.0,7.203995699999999,1.9900540607734805
167551.0,720445.9073333333,35.1,7.204459073333333,1.9901820644567219
167552.0,720492.2446666666,35.2,7.204922446666666,1.990310068139963
167553.0,720538.5819999999,35.3,7.205385819999999,1.9904380718232042
167554.0,720584.9193333333,35.4,7.205849193333333,1.9905660755064456
167555.0,720631.2566666666,35.5,7.206312566666666,1.9906940791896868
167556.0,720677.5939999999,35.6,7.206775939999999,1.990822082872928
167557.0,720723.9313333333,35.7,7.207239313333332,1.9909500865561691
167558.0,720770.2686666666,35.8,7.207702686666666,1.9910780902394105
167559.0,720816.6059999999,35.9,7.208166059999999,1.9912060939226517
167560.0,720862.9433333332,36.0,7.208629433333332,1.9913340976058929
167561.0,720909.2806666666,36.1,7.209092806666666,1.9914621012891343
167562.0,720955.6179999999,36.2,7.209556179999999,1.9915901049723754
167563.0,721001.9553333332,36.3,7.210019553333332,1.9917181086556166
167564.0,721048.2926666666,36.4,7.210482926666666,1.991846112338858
167565.0,721094.6299999999,36.5,7.210946299999999,1.9919741160220992
167566.0,721140.9673333333,36.6,7.211409673333334,1.9921021197053408
167567.0,721187.3046666667,36.7,7.211873046666667,1.992230123388582
167568.0,721233.642,36.8,7.21233642,1.9923581270718231
167569.0,721279.9793333333,36.9,7.212799793333334,1.9924861307550645
167570.0,721326.3166666667,37.0,7.213263166666667,1.9926141344383057
167571.0,721372.654,37.1,7.21372654,1.9927421381215469
167572.0,721418.9913333333,37.2,7.214189913333333,1.992870141804788
167573.0,721465.3286666666,37.3,7.214653286666667,1.9929981454880294
167574.0,721511.666,37.4,7.21511666,1.9931261491712706
167575.0,721558.0033333333,37.5,7.215580033333333,1.9932541528545118
167576.0,721604.3406666666,37.6,7.2160434066666665,1.9933821565377532
167577.0,721650.678,37.7,7.21650678,1.9935101602209944
167578.0,721697.0153333333,37.8,7.216970153333333,1.9936381639042355
167579.0,721743.3526666666,37.9,7.2174335266666665,1.993766167587477
167580.0,721789.69,38.0,7.2178968999999995,1.993894171270718
167581.0,721815.7818333333,38.1,7.218157818333333,1.9939662481583793
167582.0,721841.8736666666,38.2,7.218418736666665,1.99403832504604
167583.0,721867.9654999999,38.3,7.218679654999999,1.9941104019337013
167584.0,721894.0573333333,38.4,7.218940573333333,1.9941824788213627
167585.0,721920.1491666667,38.5,7.2192014916666665,1.9942545557090239
167586.0,721946.2409999999,38.6,7.219462409999999,1.9943266325966849
167587.0,721972.3328333333,38.7,7.219723328333333,1.994398709484346
167588.0,721998.4246666667,38.8,7.219984246666667,1.9944707863720073
167589.0,722024.5164999999,38.9,7.220245164999999,1.994542863259668
167590.0,722050.6083333333,39.0,7.2205060833333325,1.9946149401473294
167591.0,722076.7001666666,39.1,7.220767001666666,1.9946870170349906
167592.0,722102.7919999999,39.2,7.221027919999999,1.9947590939226516
167593.0,722128.8838333333,39.3,7.221288838333333,1.9948311708103128
167594.0,722154.9756666666,39.4,7.221549756666667,1.9949032476979742
167595.0,722181.0675,39.5,7.221810675,1.9949753245856354
167596.0,722207.1593333333,39.6,7.222071593333332,1.9950474014732962
167597.0,722233.2511666666,39.7,7.222332511666666,1.9951194783609574
167598.0,722259.343,39.8,7.22259343,1.9951915552486188
167599.0,722285.4348333332,39.9,7.222854348333333,1.9952636321362798
167600.0,722311.5266666666,40.0,7.2231152666666665,1.995335709023941
167601.0,722337.6185,40.1,7.223376185,1.9954077859116022
167602.0,722363.7103333332,40.2,7.223637103333332,1.995479862799263
167603.0,722389.8021666666,40.3,7.223898021666666,1.9955519396869241
167604.0,722415.894,40.4,7.22415894,1.9956240165745855
167605.0,722441.9858333333,40.5,7.224419858333333,1.9956960934622467
167606.0,722468.0776666666,40.6,7.224680776666666,1.9957681703499077
167607.0,722494.1695,40.7,7.224941694999999,1.9958402472375687
167608.0,722520.2613333333,40.8,7.225202613333333,1.9959123241252301
167609.0,722546.3531666666,40.9,7.225463531666666,1.995984401012891
167610.0,722572.445,41.0,7.2257244499999995,1.9960564779005523
167611.0,722598.5368333333,41.1,7.225985368333333,1.9961285547882135
167612.0,722624.6286666666,41.2,7.226246286666666,1.9962006316758745
167613.0,722650.7204999999,41.3,7.226507204999999,1.9962727085635357
167614.0,722676.8123333333,41.4,7.226768123333333,1.9963447854511969
167615.0,722702.9041666667,41.5,7.2270290416666665,1.996416862338858
167616.0,722728.9959999999,41.6,7.227289959999999,1.996488939226519
167617.0,722755.0878333333,41.7,7.227550878333333,1.9965610161141805
167618.0,722781.1796666667,41.8,7.227811796666667,1.9966330930018417
167619.0,722807.2714999999,41.9,7.228072714999999,1.9967051698895024
167620.0,722833.3633333333,42.0,7.228333633333333,1.9967772467771636
167621.0,722859.4551666667,42.1,7.228594551666666,1.9968493236648248
167622.0,722885.5469999999,42.2,7.228855469999999,1.9969214005524858
167623.0,722911.6388333333,42.3,7.229116388333333,1.9969934774401472
167624.0,722937.7306666666,42.4,7.229377306666667,1.9970655543278084
167625.0,722963.8225,42.5,7.229638225,1.9971376312154696
167626.0,722989.9143333333,42.6,7.229899143333332,1.9972097081031304
167627.0,723016.0061666666,42.7,7.230160061666666,1.9972817849907918
167628.0,723042.098,42.8,7.23042098,1.997353861878453
167629.0,723068.1898333333,42.9,7.230681898333333,1.997425938766114
167630.0,723094.2816666666,43.0,7.2309428166666665,1.9974980156537752
167631.0,723120.3735,43.1,7.231203735,1.9975700925414366
167632.0,723146.4653333332,43.2,7.231464653333332,1.9976421694290973
167633.0,723172.5571666666,43.3,7.231725571666666,1.9977142463167585
167634.0,723198.649,43.4,7.23198649,1.9977863232044197
167635.0,723224.7408333333,43.5,7.2322474083333335,1.997858400092081
167636.0,723250.8326666666,43.6,7.232508326666666,1.997930476979742
167637.0,723276.9245,43.7,7.232769245,1.9980025538674033
167638.0,723303.0163333333,43.8,7.233030163333333,1.9980746307550643
167639.0,723329.1081666666,43.9,7.233291081666666,1.9981467076427253
167640.0,723355.2,44.0,7.2335519999999995,1.9982187845303865
167641.0,723361.0376666667,44.1,7.233610376666666,1.9982349106813995
167642.0,723366.8753333333,44.2,7.233668753333332,1.9982510368324122
167643.0,723372.713,44.3,7.23372713,1.9982671629834254
167644.0,723378.5506666666,44.4,7.233785506666666,1.998283289134438
167645.0,723384.3883333333,44.5,7.233843883333333,1.998299415285451
167646.0,723390.2259999999,44.6,7.233902259999999,1.9983155414364637
167647.0,723396.0636666666,44.7,7.233960636666667,1.998331667587477
167648.0,723401.9013333333,44.8,7.2340190133333335,1.99834779373849
167649.0,723407.739,44.9,7.2340773899999995,1.9983639198895025
167650.0,723413.5766666667,45.0,7.234135766666666,1.9983800460405154
167651.0,723419.4143333333,45.1,7.234194143333332,1.9983961721915282
167652.0,723425.252,45.2,7.23425252,1.9984122983425414
167653.0,723431.0896666666,45.3,7.234310896666666,1.9984284244935542
167654.0,723436.9273333333,45.4,7.234369273333333,1.998444550644567
167655.0,723442.7649999999,45.5,7.234427649999999,1.9984606767955797
167656.0,723448.6026666666,45.6,7.234486026666666,1.9984768029465927
167657.0,723454.4403333333,45.7,7.2345444033333335,1.998492929097606
167658.0,723460.2779999999,45.8,7.2346027799999995,1.9985090552486187
167659.0,723466.1156666667,45.9,7.234661156666666,1.9985251813996314
167660.0,723471.9533333333,46.0,7.234719533333332,1.9985413075506442
167661.0,723477.791,46.1,7.23477791,1.9985574337016574
167662.0,723483.6286666666,46.2,7.234836286666666,1.9985735598526702
167663.0,723489.4663333333,46.3,7.234894663333333,1.9985896860036831
167664.0,723495.304,46.4,7.23495304,1.998605812154696
167665.0,723501.1416666666,46.5,7.235011416666666,1.9986219383057087
167666.0,723506.9793333333,46.6,7.235069793333333,1.9986380644567219
167667.0,723512.8169999999,46.7,7.235128169999999,1.9986541906077346
167668.0,723518.6546666666,46.8,7.235186546666666,1.9986703167587476
167669.0,723524.4923333332,46.9,7.235244923333332,1.9986864429097602
167670.0,723530.33,47.0,7.2353033,1.9987025690607734
167671.0,723536.1676666667,47.1,7.235361676666667,1.9987186952117864
167672.0,723542.0053333333,47.2,7.235420053333333,1.9987348213627991
167673.0,723547.843,47.3,7.23547843,1.998750947513812
167674.0,723553.6806666666,47.4,7.235536806666666,1.9987670736648246
167675.0,723559.5183333333,47.5,7.235595183333333,1.9987831998158379
167676.0,723565.3559999999,47.6,7.235653559999999,1.9987993259668506
167677.0,723571.1936666666,47.7,7.235711936666666,1.9988154521178636
167678.0,723577.0313333333,47.8,7.235770313333333,1.9988315782688766
167679.0,723582.869,47.9,7.235828689999999,1.9988477044198891
167680.0,723588.7066666667,48.0,7.235887066666667,1.9988638305709023
167681.0,723594.5443333333,48.1,7.235945443333333,1.998879956721915
167682.0,723600.382,48.2,7.23600382,1.998896082872928
167683.0,723606.2196666666,48.3,7.236062196666666,1.9989122090239406
167684.0,723612.0573333333,48.4,7.236120573333333,1.9989283351749538
167685.0,723617.8949999999,48.5,7.236178949999999,1.9989444613259666
167686.0,723623.7326666666,48.6,7.236237326666666,1.9989605874769796
167687.0,723629.5703333333,48.7,7.236295703333333,1.9989767136279926
167688.0,723635.4079999999,48.8,7.236354079999999,1.998992839779005
167689.0,723641.2456666667,48.9,7.236412456666667,1.9990089659300183
167690.0,723647.0833333333,49.0,7.236470833333333,1.999025092081031
167691.0,723652.921,49.1,7.23652921,1.999041218232044
167692.0,723658.7586666666,49.2,7.236587586666666,1.9990573443830568
167693.0,723664.5963333333,49.3,7.236645963333333,1.99907347053407
167694.0,723670.434,49.4,7.23670434,1.9990895966850828
167695.0,723676.2716666666,49.5,7.236762716666666,1.9991057228360956
167696.0,723682.1093333333,49.6,7.236821093333333,1.9991218489871085
167697.0,723687.9469999999,49.7,7.236879469999999,1.9991379751381213
167698.0,723693.7846666666,49.8,7.236937846666667,1.9991541012891343
167699.0,723699.6223333332,49.9,7.236996223333333,1.999170227440147
167700.0,723705.46,50.0,7.2370546,1.99918635359116
167701.0,723691.1291666667,50.1,7.236911291666667,1.9991467656537754
167702.0,723676.7983333333,50.2,7.236767983333333,1.9991071777163905
167703.0,723662.4674999999,50.3,7.236624674999999,1.9990675897790051
167704.0,723648.1366666666,50.4,7.236481366666666,1.9990280018416204
167705.0,723633.8058333333,50.5,7.236338058333333,1.9989884139042355
167706.0,723619.475,50.6,7.23619475,1.9989488259668509
167707.0,723605.1441666667,50.7,7.236051441666667,1.9989092380294657
167708.0,723590.8133333334,50.8,7.235908133333334,1.998869650092081
167709.0,723576.4824999999,50.9,7.2357648249999995,1.998830062154696
167710.0,723562.1516666666,51.0,7.235621516666666,1.998790474217311
167711.0,723547.8208333333,51.1,7.235478208333333,1.9987508862799264
167712.0,723533.49,51.2,7.2353349,1.9987112983425412
167713.0,723519.1591666667,51.3,7.235191591666667,1.9986717104051566
167714.0,723504.8283333333,51.4,7.235048283333333,1.9986321224677714
167715.0,723490.4974999999,51.5,7.234904974999999,1.9985925345303865
167716.0,723476.1666666666,51.6,7.2347616666666665,1.9985529465930016
167717.0,723461.8358333333,51.7,7.234618358333333,1.9985133586556167
167718.0,723447.505,51.8,7.23447505,1.998473770718232
167719.0,723433.1741666667,51.9,7.234331741666667,1.9984341827808472
167720.0,723418.8433333333,52.0,7.234188433333332,1.9983945948434618
167721.0,723404.5125,52.1,7.234045125,1.9983550069060771
167722.0,723390.1816666666,52.2,7.233901816666666,1.9983154189686922
167723.0,723375.8508333333,52.3,7.233758508333334,1.9982758310313076
167724.0,723361.52,52.4,7.2336152,1.9982362430939227
167725.0,723347.1891666666,52.5,7.233471891666666,1.9981966551565373
167726.0,723332.8583333333,52.6,7.233328583333333,1.9981570672191526
167727.0,723318.5275,52.7,7.233185274999999,1.9981174792817677
167728.0,723304.1966666667,52.8,7.233041966666667,1.998077891344383
167729.0,723289.8658333333,52.9,7.232898658333333,1.9980383034069982
167730.0,723275.5349999999,53.0,7.232755349999999,1.9979987154696128
167731.0,723261.2041666666,53.1,7.232612041666666,1.9979591275322282
167732.0,723246.8733333333,53.2,7.232468733333333,1.9979195395948433
167733.0,723232.5425,53.3,7.232325425,1.9978799516574586
167734.0,723218.2116666667,53.4,7.232182116666666,1.9978403637200735
167735.0,723203.8808333334,53.5,7.232038808333334,1.9978007757826888
167736.0,723189.5499999999,53.6,7.231895499999999,1.9977611878453037
167737.0,723175.2191666666,53.7,7.231752191666666,1.9977215999079188
167738.0,723160.8883333333,53.8,7.231608883333333,1.997682011970534
167739.0,723146.5575,53.9,7.231465575,1.997642424033149
167740.0,723132.2266666667,54.0,7.231322266666667,1.9976028360957643
167741.0,723117.8958333333,54.1,7.231178958333333,1.9975632481583792
167742.0,723103.565,54.2,7.231035649999999,1.9975236602209943
167743.0,723089.2341666666,54.3,7.230892341666666,1.9974840722836094
167744.0,723074.9033333333,54.4,7.230749033333333,1.9974444843462245
167745.0,723060.5725,54.5,7.230605725,1.9974048964088398
167746.0,723046.2416666667,54.6,7.230462416666667,1.9973653084714549
167747.0,723031.9108333333,54.7,7.230319108333333,1.9973257205340698
167748.0,723017.58,54.8,7.2301758,1.9972861325966849
167749.0,723003.2491666666,54.9,7.230032491666666,1.9972465446593
167750.0,722988.9183333333,55.0,7.229889183333333,1.9972069567219153
167751.0,722974.5875,55.1,7.229745875,1.9971673687845304
167752.0,722960.2566666666,55.2,7.229602566666666,1.9971277808471453
167753.0,722945.9258333333,55.3,7.229459258333333,1.9970881929097604
167754.0,722931.595,55.4,7.22931595,1.9970486049723757
167755.0,722917.2641666667,55.5,7.229172641666667,1.9970090170349908
167756.0,722902.9333333333,55.6,7.229029333333333,1.9969694290976057
167757.0,722888.6025,55.7,7.228886025,1.996929841160221
167758.0,722874.2716666666,55.8,7.228742716666666,1.9968902532228359
167759.0,722859.9408333333,55.9,7.228599408333333,1.9968506652854512
167760.0,722845.61,56.0,7.2284561,1.9968110773480663
167761.0,722811.288,56.1,7.228112879999999,1.9967162651933699
167762.0,722776.966,56.2,7.22776966,1.9966214530386739
167763.0,722742.644,56.3,7.2274264399999995,1.9965266408839777
167764.0,722708.322,56.4,7.227083220000001,1.996431828729282
167765.0,722674.0,56.5,7.22674,1.9963370165745857
167766.0,722639.678,56.6,7.22639678,1.9962422044198895
167767.0,722605.356,56.7,7.22605356,1.9961473922651933
167768.0,722571.034,56.8,7.22571034,1.9960525801104971
167769.0,722536.7119999999,56.9,7.22536712,1.995957767955801
167770.0,722502.39,57.0,7.2250239,1.995862955801105
167771.0,722468.068,57.1,7.22468068,1.9957681436464088
167772.0,722433.746,57.2,7.22433746,1.9956733314917128
167773.0,722399.424,57.3,7.22399424,1.9955785193370164
167774.0,722365.102,57.4,7.223651019999999,1.9954837071823202
167775.0,722330.78,57.5,7.223307800000001,1.9953888950276244
167776.0,722296.458,57.6,7.22296458,1.9952940828729282
167777.0,722262.136,57.7,7.222621360000001,1.9951992707182322
167778.0,722227.814,57.8,7.22227814,1.995104458563536
167779.0,722193.492,57.9,7.22193492,1.9950096464088396
167780.0,722159.17,58.0,7.2215917,1.9949148342541436
167781.0,722124.848,58.1,7.22124848,1.9948200220994474
167782.0,722090.526,58.2,7.220905259999999,1.9947252099447512
167783.0,722056.204,58.3,7.22056204,1.9946303977900552
167784.0,722021.882,58.4,7.2202188199999995,1.9945355856353588
167785.0,721987.56,58.5,7.219875600000001,1.994440773480663
167786.0,721953.238,58.6,7.21953238,1.9943459613259669
167787.0,721918.916,58.7,7.21918916,1.9942511491712707
167788.0,721884.594,58.8,7.2188459400000005,1.9941563370165747
167789.0,721850.272,58.9,7.21850272,1.9940615248618785
167790.0,721815.9500000001,59.0,7.2181595000000005,1.9939667127071825
167791.0,721781.628,59.1,7.21781628,1.993871900552486
167792.0,721747.306,59.2,7.21747306,1.9937770883977899
167793.0,721712.984,59.3,7.21712984,1.993682276243094
167794.0,721678.662,59.4,7.21678662,1.9935874640883977
167795.0,721644.34,59.5,7.216443399999999,1.9934926519337015
167796.0,721610.018,59.6,7.216100180000001,1.9933978397790058
167797.0,721575.696,59.7,7.21575696,1.9933030276243093
167798.0,721541.3740000001,59.8,7.215413740000001,1.9932082154696134
167799.0,721507.052,59.9,7.21507052,1.9931134033149172
167800.0,721472.73,60.0,7.2147273,1.993018591160221
167801.0,721438.408,60.1,7.21438408,1.992923779005525
167802.0,721404.086,60.2,7.21404086,1.9928289668508286
167803.0,721369.764,60.3,7.2136976399999995,1.9927341546961324
167804.0,721335.442,60.4,7.213354420000001,1.9926393425414366
167805.0,721301.12,60.5,7.2130111999999995,1.9925445303867402
167806.0,721266.7980000001,60.6,7.212667980000001,1.9924497182320444
167807.0,721232.476,60.7,7.2123247600000004,1.9923549060773482
167808.0,721198.154,60.8,7.21198154,1.9922600939226518
167809.0,721163.832,60.9,7.2116383200000005,1.9921652817679558
167810.0,721129.51,61.0,7.2112951,1.9920704696132596
167811.0,721095.1880000001,61.1,7.2109518800000005,1.9919756574585636
167812.0,721060.866,61.2,7.21060866,1.9918808453038674
167813.0,721026.544,61.3,7.21026544,1.991786033149171
167814.0,720992.2220000001,61.4,7.209922220000001,1.9916912209944753
167815.0,720957.9,61.5,7.209579000000001,1.991596408839779
167816.0,720923.578,61.6,7.20923578,1.9915015966850829
167817.0,720889.256,61.7,7.208892560000001,1.9914067845303869
167818.0,720854.934,61.8,7.20854934,1.9913119723756907
167819.0,720820.6120000001,61.9,7.208206120000001,1.9912171602209947
167820.0,720786.29,62.0,7.2078629,1.9911223480662983
167821.0,720732.245,62.1,7.20732245,1.990973052486188
167822.0,720678.2000000001,62.2,7.2067820000000005,1.9908237569060774
167823.0,720624.155,62.3,7.2062415500000006,1.990674461325967
167824.0,720570.11,62.4,7.2057011,1.9905251657458563
167825.0,720516.0650000001,62.5,7.205160650000001,1.990375870165746
167826.0,720462.02,62.6,7.2046202,1.9902265745856353
167827.0,720407.975,62.7,7.20407975,1.9900772790055248
167828.0,720353.93,62.8,7.2035393,1.9899279834254144
167829.0,720299.885,62.9,7.20299885,1.9897786878453039
167830.0,720245.84,63.0,7.202458399999999,1.989629392265193
167831.0,720191.795,63.1,7.20191795,1.989480096685083
167832.0,720137.75,63.2,7.2013775,1.9893308011049724
167833.0,720083.7050000001,63.3,7.2008370500000005,1.989181505524862
167834.0,720029.66,63.4,7.200296600000001,1.9890322099447515
167835.0,719975.615,63.5,7.19975615,1.9888829143646407
167836.0,719921.5700000001,63.6,7.199215700000001,1.9887336187845306
167837.0,719867.525,63.7,7.19867525,1.9885843232044198
167838.0,719813.48,63.8,7.1981348,1.9884350276243095
167839.0,719759.435,63.9,7.19759435,1.988285732044199
167840.0,719705.39,64.0,7.1970539,1.9881364364640883
167841.0,719651.345,64.1,7.196513449999999,1.9879871408839778
167842.0,719597.3,64.2,7.195973,1.9878378453038674
167843.0,719543.255,64.3,7.1954325500000005,1.987688549723757
167844.0,719489.21,64.4,7.1948921,1.9875392541436463
167845.0,719435.165,64.5,7.194351650000001,1.987389958563536
167846.0,719381.12,64.6,7.1938112,1.9872406629834254
167847.0,719327.075,64.7,7.19327075,1.9870913674033148
167848.0,719273.03,64.8,7.1927303,1.9869420718232043
167849.0,719218.985,64.9,7.19218985,1.986792776243094
167850.0,719164.94,65.0,7.191649399999999,1.9866434806629831
167851.0,719110.895,65.1,7.19110895,1.986494185082873
167852.0,719056.85,65.2,7.1905684999999995,1.9863448895027622
167853.0,719002.805,65.3,7.1900280500000004,1.986195593922652
167854.0,718948.76,65.4,7.1894876000000005,1.9860462983425415
167855.0,718894.715,65.5,7.18894715,1.9858970027624308
167856.0,718840.67,65.6,7.188406700000001,1.9857477071823206
167857.0,718786.625,65.7,7.18786625,1.9855984116022098
167858.0,718732.58,65.8,7.1873258,1.9854491160220993
167859.0,718678.535,65.9,7.18678535,1.985299820441989
167860.0,718624.49,66.0,7.1862449,1.9851505248618784
167861.0,718570.445,66.1,7.185704449999999,1.9850012292817678
167862.0,718516.4,66.2,7.185164,1.9848519337016575
167863.0,718462.355,66.3,7.1846235499999995,1.9847026381215467
167864.0,718408.3099999999,66.4,7.1840831,1.9845533425414363
167865.0,718354.265,66.5,7.18354265,1.9844040469613258
167866.0,718300.22,66.6,7.1830022,1.9842547513812154
167867.0,718246.1749999999,66.7,7.182461749999999,1.9841054558011046
167868.0,718192.13,66.8,7.1819213,1.9839561602209943
167869.0,718138.085,66.9,7.18138085,1.983806864640884
167870.0,718084.0399999999,67.0,7.180840399999999,1.9836575690607732
167871.0,718029.995,67.1,7.18029995,1.983508273480663
167872.0,717975.95,67.2,7.179759499999999,1.9833589779005523
167873.0,717921.905,67.3,7.17921905,1.983209682320442
167874.0,717867.86,67.4,7.1786786,1.9830603867403314
167875.0,717813.815,67.5,7.17813815,1.9829110911602208
167876.0,717759.77,67.6,7.1775977,1.9827617955801105
167877.0,717705.725,67.7,7.17705725,1.9826124999999999
167878.0,717651.6799999999,67.8,7.176516799999999,1.982463204419889
167879.0,717597.635,67.9,7.17597635,1.982313908839779
167880.0,717543.59,68.0,7.1754359,1.9821646132596684
167881.0,717470.1776666667,68.1,7.174701776666667,1.9819618167587476
167882.0,717396.7653333333,68.2,7.1739676533333325,1.9817590202578266
167883.0,717323.353,68.3,7.17323353,1.981556223756906
167884.0,717249.9406666666,68.4,7.172499406666666,1.981353427255985
167885.0,717176.5283333333,68.5,7.171765283333333,1.9811506307550644
167886.0,717103.1159999999,68.6,7.171031159999999,1.9809478342541433
167887.0,717029.7036666666,68.7,7.170297036666667,1.9807450377532227
167888.0,716956.2913333334,68.8,7.169562913333333,1.980542241252302
167889.0,716882.879,68.9,7.168828789999999,1.980339444751381
167890.0,716809.4666666667,69.0,7.168094666666667,1.9801366482504603
167891.0,716736.0543333333,69.1,7.1673605433333325,1.9799338517495393
167892.0,716662.642,69.2,7.16662642,1.9797310552486187
167893.0,716589.2296666666,69.3,7.165892296666666,1.9795282587476977
167894.0,716515.8173333333,69.4,7.165158173333333,1.979325462246777
167895.0,716442.4049999999,69.5,7.164424049999999,1.979122665745856
167896.0,716368.9926666666,69.6,7.163689926666667,1.9789198692449355
167897.0,716295.5803333333,69.7,7.162955803333333,1.9787170727440146
167898.0,716222.168,69.8,7.162221679999999,1.9785142762430936
167899.0,716148.7556666667,69.9,7.161487556666667,1.978311479742173
167900.0,716075.3433333333,70.0,7.1607534333333325,1.978108683241252
167901.0,716001.931,70.1,7.16001931,1.9779058867403314
167902.0,715928.5186666666,70.2,7.159285186666666,1.9777030902394104
167903.0,715855.1063333333,70.3,7.158551063333333,1.9775002937384898
167904.0,715781.694,70.4,7.15781694,1.977297497237569
167905.0,715708.2816666666,70.5,7.157082816666666,1.977094700736648
167906.0,715634.8693333333,70.6,7.156348693333333,1.9768919042357274
167907.0,715561.4569999999,70.7,7.155614569999999,1.9766891077348063
167908.0,715488.0446666667,70.8,7.154880446666667,1.9764863112338857
167909.0,715414.6323333333,70.9,7.1541463233333324,1.9762835147329647
167910.0,715341.22,71.0,7.1534122,1.9760807182320441
167911.0,715267.8076666667,71.1,7.152678076666667,1.9758779217311233
167912.0,715194.3953333333,71.2,7.151943953333333,1.9756751252302025
167913.0,715120.983,71.3,7.15120983,1.9754723287292817
167914.0,715047.5706666666,71.4,7.150475706666666,1.9752695322283607
167915.0,714974.1583333333,71.5,7.149741583333333,1.97506673572744
167916.0,714900.7459999999,71.6,7.149007459999999,1.974863939226519
167917.0,714827.3336666666,71.7,7.148273336666667,1.9746611427255985
167918.0,714753.9213333334,71.8,7.147539213333333,1.9744583462246776
167919.0,714680.509,71.9,7.14680509,1.9742555497237568
167920.0,714607.0966666667,72.0,7.146070966666667,1.974052753222836
167921.0,714533.6843333333,72.1,7.145336843333332,1.973849956721915
167922.0,714460.272,72.2,7.14460272,1.9736471602209944
167923.0,714386.8596666666,72.3,7.143868596666666,1.9734443637200734
167924.0,714313.4473333333,72.4,7.143134473333333,1.9732415672191528
167925.0,714240.0349999999,72.5,7.142400349999999,1.9730387707182317
167926.0,714166.6226666666,72.6,7.141666226666667,1.9728359742173112
167927.0,714093.2103333334,72.7,7.140932103333333,1.9726331777163904
167928.0,714019.798,72.8,7.14019798,1.9724303812154695
167929.0,713946.3856666667,72.9,7.139463856666667,1.9722275847145487
167930.0,713872.9733333333,73.0,7.138729733333332,1.9720247882136277
167931.0,713799.561,73.1,7.13799561,1.9718219917127071
167932.0,713726.1486666666,73.2,7.137261486666666,1.971619195211786
167933.0,713652.7363333333,73.3,7.136527363333333,1.9714163987108655
167934.0,713579.324,73.4,7.13579324,1.9712136022099447
167935.0,713505.9116666666,73.5,7.135059116666667,1.9710108057090239
167936.0,713432.4993333333,73.6,7.134324993333333,1.970808009208103
167937.0,713359.0869999999,73.7,7.133590869999999,1.970605212707182
167938.0,713285.6746666667,73.8,7.132856746666667,1.9704024162062614
167939.0,713212.2623333333,73.9,7.132122623333332,1.9701996197053404
167940.0,713138.85,74.0,7.1313885,1.9699968232044198
167941.0,713046.5108333334,74.1,7.1304651083333335,1.9697417426335175
167942.0,712954.1716666666,74.2,7.129541716666666,1.9694866620626148
167943.0,712861.8325,74.3,7.128618325000001,1.9692315814917127
167944.0,712769.4933333333,74.4,7.127694933333333,1.9689765009208102
167945.0,712677.1541666667,74.5,7.126771541666667,1.968721420349908
167946.0,712584.815,74.6,7.1258481499999995,1.9684663397790054
167947.0,712492.4758333333,74.7,7.124924758333333,1.968211259208103
167948.0,712400.1366666666,74.8,7.124001366666666,1.9679561786372004
167949.0,712307.7975,74.9,7.123077975,1.9677010980662983
167950.0,712215.4583333334,75.0,7.122154583333334,1.967446017495396
167951.0,712123.1191666666,75.1,7.121231191666666,1.9671909369244933
167952.0,712030.78,75.2,7.1203078,1.966935856353591
167953.0,711938.4408333333,75.3,7.119384408333333,1.9666807757826885
167954.0,711846.1016666667,75.4,7.118461016666667,1.9664256952117865
167955.0,711753.7625,75.5,7.117537625,1.966170614640884
167956.0,711661.4233333333,75.6,7.116614233333333,1.9659155340699814
167957.0,711569.0841666666,75.7,7.115690841666666,1.965660453499079
167958.0,711476.745,75.8,7.1147674499999995,1.9654053729281766
167959.0,711384.4058333333,75.9,7.113844058333332,1.9651502923572741
167960.0,711292.0666666667,76.0,7.112920666666667,1.964895211786372
167961.0,711199.7275,76.1,7.111997275,1.9646401312154695
167962.0,711107.3883333333,76.2,7.111073883333333,1.964385050644567
167963.0,711015.0491666667,76.3,7.110150491666667,1.964129970073665
167964.0,710922.71,76.4,7.1092271,1.9638748895027625
167965.0,710830.3708333333,76.5,7.108303708333334,1.96361980893186
167966.0,710738.0316666666,76.6,7.107380316666666,1.9633647283609574
167967.0,710645.6925,76.7,7.106456925,1.9631096477900551
167968.0,710553.3533333333,76.8,7.1055335333333325,1.9628545672191526
167969.0,710461.0141666667,76.9,7.104610141666667,1.9625994866482506
167970.0,710368.675,77.0,7.1036867500000005,1.962344406077348
167971.0,710276.3358333333,77.1,7.102763358333333,1.9620893255064455
167972.0,710183.9966666667,77.2,7.101839966666667,1.9618342449355433
167973.0,710091.6575,77.3,7.100916574999999,1.9615791643646407
167974.0,709999.3183333334,77.4,7.099993183333334,1.9613240837937387
167975.0,709906.9791666666,77.5,7.0990697916666665,1.961069003222836
167976.0,709814.64,77.6,7.0981464,1.9608139226519337
167977.0,709722.3008333333,77.7,7.097223008333333,1.9605588420810312
167978.0,709629.9616666667,77.8,7.096299616666666,1.9603037615101289
167979.0,709537.6224999999,77.9,7.095376224999999,1.9600486809392261
167980.0,709445.2833333333,78.0,7.094452833333333,1.959793600368324
167981.0,709352.9441666667,78.1,7.093529441666667,1.9595385197974218
167982.0,709260.605,78.2,7.09260605,1.9592834392265193
167983.0,709168.2658333334,78.3,7.091682658333334,1.9590283586556172
167984.0,709075.9266666666,78.4,7.090759266666667,1.9587732780847145
167985.0,708983.5875,78.5,7.089835875,1.9585181975138122
167986.0,708891.2483333333,78.6,7.088912483333333,1.9582631169429097
167987.0,708798.9091666667,78.7,7.087989091666667,1.9580080363720074
167988.0,708706.57,78.8,7.087065699999999,1.9577529558011046
167989.0,708614.2308333333,78.9,7.086142308333334,1.9574978752302026
167990.0,708521.8916666667,79.0,7.085218916666667,1.9572427946593003
167991.0,708429.5525,79.1,7.084295525,1.9569877140883978
167992.0,708337.2133333334,79.2,7.0833721333333335,1.9567326335174955
167993.0,708244.8741666666,79.3,7.082448741666666,1.9564775529465928
167994.0,708152.535,79.4,7.081525350000001,1.9562224723756907
167995.0,708060.1958333333,79.5,7.080601958333333,1.9559673918047882
167996.0,707967.8566666667,79.6,7.079678566666667,1.955712311233886
167997.0,707875.5175,79.7,7.0787551749999995,1.9554572306629832
167998.0,707783.1783333333,79.8,7.077831783333333,1.9552021500920809
167999.0,707690.8391666666,79.9,7.076908391666666,1.9549470695211784
168000.0,707598.5,80.0,7.075985,1.9546919889502763
