Part;TimeStep [s];Steps;DTsMin;PartRuntime [s];NpSave;NpSim;NpNew;NpOut;NctSim;NpAlloc [X];NctAlloc [X];SimRuntime [s];NpbSim;NpfSim;NpNormal;NpOutPos;NpOutRho;NpOutMov;DtMin [s];DtMax [s];MemCPU [MiB];MemGPU [MiB];MemGPU_Cells [MiB];NpAlloc;NctAlloc
0;0;0;0;0.000000;6,096;6,096;36;0;48;1.032808;35.729167;0.000000;6,060;36;6,096;0;0;0;0;0;0.953484;0.000000;0.000000;6,296;1,715
1;2.000705797493032;1,237;0;2.288918;6,151;6,151;72;17;84;1.048122;20.416667;2.288924;6,060;91;6,151;17;0;0;0.0008277680978335529;0.001922544351989127;1.012362;0.000000;0.000000;6,447;1,715
2;4.000956383241346;1,417;0;2.957029;6,191;6,191;63;23;160;1.041350;10.718750;5.250823;6,060;131;6,191;23;0;0;0.0006341527762703188;0.001864947248071626;1.012362;0.000000;0.000000;6,447;1,715
3;6.000687443461405;1,643;0;3.656247;6,242;6,242;72;21;192;1.032842;8.932292;8.910050;6,060;182;6,242;21;0;0;0.000522888809658819;0.001842801787316743;1.012362;0.000000;0.000000;6,447;1,715
4;8.000712678110549;1,596;47;3.984720;6,292;6,292;72;22;240;1.048156;7.145833;12.897965;6,060;232;6,292;22;0;0;0.0004887886739966145;0.001800615183501074;1.028876;0.000000;0.000000;6,595;1,715
5;10.00123164275072;1,776;234;4.453456;6,329;6,329;63;26;272;1.042029;6.305147;17.355040;6,060;269;6,329;26;0;0;0.0004887886739966145;0.001777242003612623;1.028876;0.000000;0.000000;6,595;1,715
6;12.00008023171999;1,772;180;4.835491;6,377;6,377;72;24;320;1.034185;5.359375;22.193892;6,060;317;6,377;24;0;0;0.0004887886739966145;0.001789475243456672;1.046145;0.000000;0.000000;6,595;1,715
7;14.00113710189162;2,041;330;5.318446;6,427;6,427;72;22;368;1.026140;4.660326;27.519761;6,060;367;6,427;22;0;0;0.0004887886739966145;0.001760767906745382;1.046145;0.000000;0.000000;6,595;1,715
8;16.00000469445125;2,003;303;5.004991;6,482;6,482;72;17;416;1.040420;4.122596;32.528304;6,060;422;6,482;17;0;0;0.0004887886739966145;0.001789980573643306;1.062771;0.000000;0.000000;6,744;1,715
9;18.00007773847331;2,165;241;6.464716;6,524;6,524;63;21;464;1.033722;3.696121;38.996328;6,060;464;6,524;21;0;0;0.0004887886739966145;0.001733828396211014;1.062771;0.000000;0.000000;6,744;1,715
10;20.00062230753653;2,068;232;6.041623;6,558;6,558;72;38;496;1.028362;3.457661;45.041828;6,060;498;6,558;38;0;0;0.0004887886739966145;0.001738916043220638;1.062771;0.000000;0.000000;6,744;1,715
11;22.00069520821796;1,985;60;5.455674;6,561;6,561;72;69;496;1.027892;3.457661;50.500976;6,060;501;6,561;69;0;0;0.0004887886739966145;0.001817458509685053;1.062771;0.000000;0.000000;6,744;1,715
12;24.00030154357113;2,130;132;6.154610;6,563;6,563;72;70;496;1.027579;3.457661;56.658960;6,060;503;6,563;70;0;0;0.0004887886739966145;0.001760968274176214;1.062771;0.000000;0.000000;6,744;1,715
13;26.00022996624865;2,050;98;5.628442;6,574;6,574;72;61;480;1.048677;3.572917;62.290892;6,060;514;6,574;61;0;0;0.0004887886739966145;0.001743740463217921;1.079508;0.000000;0.000000;6,894;1,715
14;28.00006860342841;1,970;0;6.600285;6,587;6,587;72;59;496;1.046607;3.457661;68.894559;6,060;527;6,587;59;0;0;0.000503413677035181;0.001775280535267027;1.079508;0.000000;0.000000;6,894;1,715
15;30.00032977608794;1,919;19;6.300958;6,596;6,596;72;63;480;1.045179;3.572917;75.198996;6,060;536;6,596;63;0;0;0.0004887886739966145;0.001786504942755137;1.079508;0.000000;0.000000;6,894;1,715
16;32.00123542136256;1,743;0;5.800959;6,606;6,606;72;62;496;1.043597;3.457661;81.003634;6,060;546;6,606;62;0;0;0.0005148610417310767;0.001788487691730535;1.079508;0.000000;0.000000;6,894;1,715
17;34.00104462056919;1,807;0;5.808282;6,604;6,604;63;65;480;1.043913;3.572917;86.815338;6,060;544;6,604;65;0;0;0.0005474449511592545;0.001771593325655484;1.079508;0.000000;0.000000;6,894;1,715
18;36.00123478086038;1,826;0;5.869499;6,611;6,611;72;65;512;1.042807;3.349609;92.688302;6,060;551;6,611;65;0;0;0.0005546368340654232;0.001773049760525812;1.079508;0.000000;0.000000;6,894;1,715
19;38.00093250130618;1,757;0;6.014447;6,613;6,613;72;70;512;1.042492;3.349609;98.706012;6,060;553;6,613;70;0;0;0.0006104088017968181;0.001782967775513841;1.079508;0.000000;0.000000;6,894;1,715
20;40.0010685988459;1,675;0;5.484714;6,624;6,624;72;61;464;1.040761;3.696121;104.194009;6,060;564;6,624;61;0;0;0.0006715984486368408;0.001786048466953692;1.079508;0.000000;0.000000;6,894;1,715
21;42.00163835636305;1,571;0;5.226429;6,625;6,625;72;71;480;1.040604;3.572917;109.424000;6,060;565;6,625;71;0;0;0.000713506270232919;0.001821533892174884;1.079508;0.000000;0.000000;6,894;1,715
22;44.00113128771955;1,610;0;5.307081;6,639;6,639;72;58;480;1.038409;3.572917;114.734208;6,060;579;6,639;58;0;0;0.0007561964416866637;0.001800069700523934;1.079508;0.000000;0.000000;6,894;1,715
23;46.00009707307865;1,569;0;5.290438;6,649;6,649;72;62;480;1.036848;3.572917;120.028463;6,060;589;6,649;62;0;0;0.0008173307605919219;0.001803587304638765;1.079508;0.000000;0.000000;6,894;1,715
24;48.00104001425611;1,519;0;5.109142;6,673;6,673;72;48;480;1.033119;3.572917;125.141339;6,060;613;6,673;48;0;0;0.000856053032266997;0.001790503050633952;1.079508;0.000000;0.000000;6,894;1,715
25;50.00018310744625;1,488;0;5.063899;6,688;6,688;72;57;480;1.030801;3.572917;130.208628;6,060;628;6,688;57;0;0;0.0008758419217455004;0.001814907273903259;1.079508;0.000000;0.000000;6,894;1,715
26;52.00009811442354;1,457;0;5.302894;6,712;6,712;72;48;464;1.027116;3.696121;135.514886;6,060;652;6,712;48;0;0;0.0009284737986536625;0.001810966860688331;1.079508;0.000000;0.000000;6,894;1,715
27;54.00021082966402;1,431;0;5.088622;6,727;6,727;72;57;480;1.046380;3.572917;140.607859;6,060;667;6,727;57;0;0;0.001004836946151066;0.001821807587944741;1.095687;0.000000;0.000000;7,039;1,715
28;56.00095276421041;1,378;0;4.652692;6,736;6,736;72;63;480;1.044982;3.572917;145.264016;6,060;676;6,736;63;0;0;0.001098377142975391;0.001813280567698067;1.095687;0.000000;0.000000;7,039;1,715
29;58.00078994954396;1,361;0;4.384782;6,746;6,746;72;62;496;1.043433;3.457661;149.652301;6,060;686;6,746;62;0;0;0.001081471063585432;0.00178912219338022;1.095687;0.000000;0.000000;7,039;1,715
30;60.00130621898218;1,313;0;4.737856;6,755;6,755;72;63;496;1.042043;3.457661;154.393316;6,060;695;6,755;63;0;0;0.001192682482853757;0.001832100826221059;1.095687;0.000000;0.000000;7,039;1,715
31;62.00022516151562;1,300;0;4.600079;6,774;6,774;72;53;496;1.039120;3.457661;158.996807;6,060;714;6,774;53;0;0;0.001185331114406418;0.001815976722089085;1.095687;0.000000;0.000000;7,039;1,715
32;64.00073867739111;1,293;0;4.749506;6,777;6,777;72;69;480;1.038660;3.572917;163.749786;6,060;717;6,777;69;0;0;0.001239869335247823;0.001845831956946511;1.095687;0.000000;0.000000;7,039;1,715
33;66.00080278725713;1,257;0;4.290122;6,780;6,780;72;69;496;1.038201;3.457661;168.043393;6,060;720;6,780;69;0;0;0.001288856285030166;0.001832879877113134;1.095687;0.000000;0.000000;7,039;1,715
34;68.00017315139749;1,231;0;4.418736;6,781;6,781;72;71;496;1.038047;3.457661;172.465568;6,060;721;6,781;71;0;0;0.001355759862026532;0.001836218419492984;1.095687;0.000000;0.000000;7,039;1,715
35;70.00052227096833;1,232;0;4.516120;6,781;6,781;72;72;496;1.038047;3.457661;176.985762;6,060;721;6,781;72;0;0;0.001360033589997073;0.001836890271023072;1.095687;0.000000;0.000000;7,039;1,715
36;72.00031581063345;1,195;0;4.185732;6,780;6,780;72;73;496;1.038201;3.457661;181.175928;6,060;720;6,780;73;0;0;0.001443520488971409;0.001839772377263998;1.095687;0.000000;0.000000;7,039;1,715
37;74.00141030282245;1,169;0;4.270007;6,776;6,776;72;76;496;1.038813;3.457661;185.449276;6,060;716;6,776;76;0;0;0.001508280760201791;0.001863687327192213;1.095687;0.000000;0.000000;7,039;1,715
38;76.00166372220575;1,139;0;4.014686;6,769;6,769;72;79;480;1.039888;3.572917;189.467058;6,060;709;6,769;79;0;0;0.001641888806947792;0.001823856383888112;1.095687;0.000000;0.000000;7,039;1,715
39;78.00065039233364;1,138;0;4.006483;6,770;6,770;72;71;372;1.039734;4.610215;193.476912;6,060;710;6,770;71;0;0;0.001605756811359021;0.001833554460392485;1.095687;0.000000;0.000000;7,039;1,715
40;80.00132608453377;1,152;0;3.793500;6,760;6,760;63;73;360;1.041272;4.763889;197.274020;6,060;700;6,760;73;0;0;0.001504525697026697;0.001829646109243921;1.095687;0.000000;0.000000;7,039;1,715

# Part:  Number of output file with particles data.
# TimeStep [s]:  Physical time of simulation.
# Steps:  Number of calculation steps since the previous PART.
# DTsMin:  Number of times the Dt is updated with the minimum allowed value (can be 2 times per step when Symplectic is used).
# PartRuntime [s]:  Runtime of last PART simulation.
# NpSave:  Number of selected particles to save.
# NpSim:  Number of particles used in simulation (normal + periodic particles).
# NpNew:  Number of new fluid particles created by inlet conditions since the previous PART.
# NpOut:  Number of excluded fluid particles since the previous PART.
# NctSim:  Number of cells used in simulation for particle search.
# NpAlloc [X]:  Over-allocation memory for particles NpAlloc/NpSim.
# NctAlloc [X]:  Over-allocation memory for cells NctAlloc/NctSim.
# SimRuntime [s]:  Total runtime of simulation (initialisation tasks not included).
# NpbSim:  Number of fixed and moving particles (includes periodic particles).
# NpfSim:  Number of fluid and floating particles (includes periodic particles).
# NpNormal:  Total number of particles without periodic particles.
# NpOutPos:  Number of excluded particles due to invalid position.
# NpOutRho:  Number of excluded particles due to invalid density.
# NpOutMov:  Number of excluded particles due to invalid movement.
# DtMin [s]:  Minimum value of Dt since the previous PART.
# DtMax [s]:  Maximum value of Dt since the previous PART.
# MemCPU [MiB]:  Current CPU memory allocated (only includes the most memory intensive objects).
# MemGPU [MiB]:  Current GPU memory allocated (only includes the most memory intensive objects).
# MemGPU_Cells [MiB]:  Current GPU memory allocated for cells according to NctAlloc.
# NpAlloc:  Number of supported particles with memory allocated.
# NctAlloc:  Number of supported cells with memory allocated.
